序号,标题,原始链接,真实链接
1,"滋兰树蕙,初心不渝!这是北师大人的支教故事",http://www.baidu.com/link?url=fhMrS0ijbx2E1FMthtQ7Ep0U23XRmaDibDsUTo8vRPy0-1zwJauMqTGcdV2eCDiLmmc6tRowGurXlKdbsr1Ut6c1uGMO_vpb8pTWBt5uFAjVbRDOViH1LOASM45e6GOpwMwRaYGZv4Lo_VIZ486iGa_K3qRURSrsttZjlnuTO_uDMs-OaL2l1kmamqLwfM3GfVYcNkeDwJfscD6OmM_x7vEEONjYnQObDKbAK95wUF-F4qB8G-9jHJeDZPwGVPqe29kXSxXr94JOJdq4OY_Fv_,https://mp.weixin.qq.com/s?__biz=MjM5MTg4NjM2MQ==&mid=2658026178&idx=1&sn=612282349b8f699961c2a5094c4aee61&chksm=bcdaeb64e12807156bc1e2a222608ce12d92d780fefd90a9a991dfeb14045b14770fb93558fa&scene=27
2,北京师范大学党委学生工作部资助管理中心,http://www.baidu.com/link?url=o355mLZy2vYfccYvK_f8UwOAVxzd23uL-93QEVyE8IkJ5UUwGrv6XnUQSJUAj40ic42PPPLGoX0q_EDFCd30uPcLYQSbsu6NzVwxWK3krpRbq0ozC2LyJLT30HqEBZ_B,https://xszz.bnu.edu.cn/zzyr/lzsjxly/1f97bbf6cb1b441b947d10cc851634c7.htm
3,"BNU研支团丨木铎金声,滋兰树蕙,我们的支教回忆——刘婧晞:不辞...",http://www.baidu.com/link?url=fhMrS0ijbx2E1FMthtQ7Ep0U23XRmaDibDsUTo8vRPztg1V0768pHPEyD-w1vQX4pwcwuRkFjXHoTNb9s_BSGuaoyuIlQZYkKCZfU8POvQt3xcukQKFyjDoJl-3CdnV9_avYL2VVkhgRGTD-cd_NihIjN4TDfm2Q4u5b61h-tVzB54BY1aRg3ZzBazBJSavue3aMosJa2oZhqOVqjreWthwzvYmtbvKD8xnVlkmxpKaIOyENwYc0d_FHC2g5Wk078w_7Qw9Exd9Is3msxsEmLK,https://mp.weixin.qq.com/s?__biz=MzA5OTA0NTAxOQ==&mid=2652011841&idx=1&sn=63942024a02a2606e6dc1a1b02ab8721&chksm=8a33ee612ca812b1fd842dd81a7a3fe296db2a72f1bc392bcfa7fb7b671719a4c1fe2a191afe&scene=27
4,"北师大研支团:梨花映赤浪,坐标向星辰",http://www.baidu.com/link?url=UNuoVHyVyUvEx0v7LQHmrlE896LsAI9jc9Y6KXOgImknrDt9NsgQmeTdhA_TWurW3UQUEG71JNpNmICEpEWHuTMBzoOJxo5gqKEdGFbr9ee,http://qnzj.cyol.com/pc/content/202505/13/content_410847.html
5,总书记回信的北师大“优师计划”师范生:为基层教育贡献新鲜力量,http://www.baidu.com/link?url=fhMrS0ijbx2E1FMthtQ7Ej17KL8qJ2CD46nNnl6GdJQkXccxfje3x4h3uRxaJ7zPSHXkf8T32J6VOXlUL_kImNLfS5AUO786vweiMYaI6Hq,https://baijiahao.baidu.com/s?id=1812338977237828504&wfr=spider&for=pc
6,践行教育家精神 —— 广西师范大学与北京师范大学联合赴富川支教...,http://www.baidu.com/link?url=o355mLZy2vYfccYvK_f8UySMt9lVgv6JX3azGFizEvKVc8uUguvzeB7AvKTbGjfcnB5oTCKaHO_IM2BFgxu3OCxqmzaQJ13PyjHqARPmwde,http://jyxb.gxnu.edu.cn/2024/0806/c8900a295406/page.htm
7,山外大学山巅梦——北师大岩口支教队队长朱启平的青春故事,http://www.baidu.com/link?url=BukA-A-L6lWm8gtn5fP3r_sqqNLPZDvzsHjLHeeZ3ndQWVCjLfv9haAoFNozZUpLrXcqeFmtcBxBmqAs5VjFbLaNOGUtzK-reU6W9rU9yDi,https://news.12371.cn/2013/05/02/ARTI1367441218960530.shtml
8,...北师大学子入职大凉山越西中学背后的故事_新闻频道_央视网...,http://www.baidu.com/link?url=uiOZyr5c-o_Vv5PrsNIFmkw8M23V7ZpQiujfzLIjcFm-CegvLfSv-CHwcGiLGNWZOtgzSkFIaIh7F5GmOGfpEWEcqHqEtgvqR4p6Qe_dyNW,https://news.cctv.com/2024/07/24/ARTIR2u365NvWzdjb8qOEcJw240724.shtml
9,北师大“优师计划”首届毕业生出征:行囊里装着三个向西的承诺,http://www.baidu.com/link?url=sJ-zdanhFz15IAdZ0gMBkjiiOyyZtWRPImyfv6Gvpee_jHEViGlfzROYm7fPaYgbd7elnFcSPr5ibhD1sSqYFB_m9zMA_-hTYFsP0NPTZgy,http://pub-zhtb.hizh.cn/a/202506/30/AP68618143e4b0ea3a79b77cca.html
10,阜阳阜南:北京师范大学2024暑期支教队走进于集中心小学,http://www.baidu.com/link?url=sYCIAR0DXFM_IUhxFFkMBdnrKsC-h_LNT9PL92bvbw1vtcNT2cGQtrfMabA6h98M3kWz0Jcddt7Tl_7x84Fs3a,https://www.360doc.cn/article/63474786_1133719602.html
11,...学部载育队赴山西左权县顺利开展教育公益行动 - 北京师范大学...,http://www.baidu.com/link?url=uiOZyr5c-o_Vv5PrsNIFmaYoMLb7kL4AGf_3rSzuUMprMzKiw4Yp_4DFVo1hkpZGBCOcHanNPaz_hMZFmSx3zq,https://fe.bnu.edu.cn/html/1/news/20240918/n8276.html
12,...北师大公费师范生古丽加汗·艾买提成长纪实-北京师范大学,http://www.baidu.com/link?url=uiOZyr5c-o_Vv5PrsNIFmlrzX0g-FCKBklEagm72UVlqVgRFJpa0DZXmcvXD-H69,https://www.bnu.edu.cn/ttgz/87472.htm
13,"BNU研支团丨木铎金声,滋兰树蕙,我们的支教回忆——王靖凯:万里...",http://www.baidu.com/link?url=sYCIAR0DXFM_IUhxFFkMBm7fikzjeyM_0EWPeklwjT9CuhYg57Lvy_y2heCVYoEf4vtjETplZxx-zW9zzbxQaj8A_xsKH1BQC8ZiXVh_A0eeq0KB4zkeFXaB1m2j1g0sYSTzHY6KpD6e5NWFtLFQ_twhGmolBlrzWVWnJX-H38Eb0gEvZXiOgHuxZrJCHWKXHZ5oaIUBw9FrzA1IgBuz_ydE_HO3zKykFasuNHlMN44LKYOqAnjIN9BDcsPDX5A8Z33poiO0Lwp5VmdWx3Uc9_,https://mp.weixin.qq.com/s?__biz=MzA5OTA0NTAxOQ==&mid=2652010515&idx=1&sn=a495bdd4d729fc0dc3d382757304a43a&chksm=8b6e83e7bc190af1e89f859b63fce0888d74f1122fc3428066b6074e703b9f1298579b095b82&scene=27
14,"BNU研支团丨木铎金声,滋兰树蕙,我们的支教回忆——曾一智:初为人...",http://www.baidu.com/link?url=sYCIAR0DXFM_IUhxFFkMBm7fikzjeyM_0EWPeklwjT9CuhYg57Lvy_y2heCVYoEf4vtjETplZxx-zW9zzbxQacr_5P5FwwJyKDmO-9SGptZ2bDfiR6K1cNUeJPreIB6wLpfInyg3P_w10Dpj0cSC4_3Kof6vIc6C5eqYdpO408flMNqyvtKdKAwtIV1VeP501AXPi4nCSNIpYwa5i8Q1ImBHKdmvTuQ0UYSmiSjaCA__bns9hH9VHurnBfuZDYeoPa129zmztjaKNjFpwpryha,https://mp.weixin.qq.com/s?__biz=MzA5OTA0NTAxOQ==&mid=2652008539&idx=1&sn=2d762e7961382f88006132c3e1de5e59&chksm=8b6e8bafbc1902b9e72620c56802a27ee668b8e5d25ff5181e86a93d9ae2006dc1c1b0df5633&scene=27
15,...学部育智队赴舟曲县初级中学开展教育公益行动 - 北京师范大学...,http://www.baidu.com/link?url=uiOZyr5c-o_Vv5PrsNIFmaYoMLb7kL4AGf_3rSzuUMprMzKiw4Yp_4DFVo1hkpZGcobZqV2UEPWSGSkZiF4Qxq,https://fe.bnu.edu.cn/html/1/news/20241009/n8313.html
16,北师大研支团支教25年留下同频共振的青春印记_大学生志愿服务西部...,http://www.baidu.com/link?url=ILJ-6FhXNTxTW5xXdTdru84nUg2lfwb1erom5obvjiKdrMm86mClCbHQGuWYtlPtgNUkbab2c_SHtWDpLWjwRDpI9shihiCupsdDh-lk4uu,https://xibu.youth.cn/gzdt/gddt/202403/t20240320_15143393.htm
17,【教育强国 青年担当】北师大育晨队赴河南省商丘市梁园区谢集镇...,http://www.baidu.com/link?url=u59Sz_GwgNZaF0RQD8W3yHk3gx0FUxxz7gFBKj-_AOgu4PSrMSvQL2Y8gy_LnLVm-mT1fcWacOxfk67uNft64_,https://fe.bnu.edu.cn/html/1/news/20241015/n8340.html
18,此生为师 青春无悔 | 电影《一生只为一事来》在北师大首映!,http://www.baidu.com/link?url=yiH0oVgZ6N6Pd-5c7t3ewYtjlkG2t88rcyJw3sJB4pCphgd2tMRHWD_FTn2trHXO5Jo-RUBk0ElsoHg2otrBxOpJiD-hx1JNfyFYNDSPZE7,http://baijiahao.baidu.com/s?id=1643933170425976659&wfr=spider&for=pc
19,"暑期支教回顾丨 幼松教育扶贫专项行动,北师大学子在路上!_澎湃号·政...",http://www.baidu.com/link?url=bzPhgICW0Sitf-FkMqynN7_p073SI6sCufU6Ix-zqZDMqCDcshzEvsEur00Y8zS0kknJM8knMad8zdDRg3HTCq,https://www.thepaper.cn/newsDetail_forward_4374270
20,【教育强国 青年担当】北师大乐学队赴湖南省娄底市新化县奉家镇报...,http://www.baidu.com/link?url=u59Sz_GwgNZaF0RQD8W3yHk3gx0FUxxz7gFBKj-_AOgu4PSrMSvQL2Y8gy_LnLVmopfsvgHOk76AniuY1dtIKq,https://fe.bnu.edu.cn/html/1/news/20241008/n8312.html
21,《我的故事》_CCTV节目官网-纪录片_央视网(cctv.com),http://www.baidu.com/link?url=luWoUCTxddL_xYvICpUSCjM5LjAucEcMkToSRFgBcTlAexj-lGHUd_s58o5gS2WSov49PV9O3RVD9W65oVEOWq,http://tv.cntv.cn/video/VSET100220135153
22,首页_北京师范大学,http://www.baidu.com/link?url=pZqu7jSnHOcptcn_jsvLNqD1zqg7uueKH3Mx_NrkHlHh8nDUaG3UAF6uLGg_86Pmwr8egGEm7kR0dgkeFH0YGpbtNAFldPx2MulayGTCE4_,https://sjc.bnu.edu.cn/dyxg/zbjs/87608738bd3f4946838af74844f4ffff.html
23,"...携小朋友送来新年祝福,快来一起查看吧~ - 北京师范大学化学学院",http://www.baidu.com/link?url=lDds3D1L2sLVSzZO0H17ui9lm6awKusnbpxJuxyL9lcEv30PAZLrx-HUrM6NHGc0qUGs4OvIhcOyh4SMj6DrNK,http://www.chem.bnu.edu.cn/xsyd/xshd/243231.html
24,找到了18年前的支教老师:用青春书写跨越时空的师生情_中国江苏网,http://www.baidu.com/link?url=H60wDg0IPoVOUQTcGome2QsV7sG3Hgyy1dWj0eVVSILu_WD6v_F02X282xEOfIIpePPqeeuEFOw76NY8qUsv-Z0mEjPBw_q7tW4CCArXCHF4-jJqKxM9Fze1FmSfFq3Pm5QmF5VEG66I_C5zHeCC1_,https://review.jschina.com.cn/zjwpds/2024/zuopinzhanshi/gaoxiao/202410/t20241028_3517288.shtml
25,支教精神传承:北师大研支团塔城分队的青春使命,http://www.baidu.com/link?url=pZqu7jSnHOcptcn_jsvLN587J2e9bvmln_vpa2zh05K83HttV3vOfqDFQdwirkq4Jf8lSdMAezIszV0GKcYew_WBtHfM3Q1IPloARnH6TzS,https://baijiahao.baidu.com/s?id=1836457022645969638&wfr=spider&for=pc
26,北京师范大学生命科学学院,http://www.baidu.com/link?url=diPYipKAcVh4M_dFGhxI1hPasxne0XYMRD71is-ztVPZ-pKi86FOfS_pAlHQEGm_35qSQiqyuIi-0JiIdl4KfuvStfX2YtSoDtbNm2EEkhUm1unyRjO9Nkz8HlT8ep8u,https://cls.bnu.edu.cn/djzc/djdt/djzx/cd7deeec2d934e1e99e3c5d273b03422.htm
27,贵州男孩北师大毕业选择回乡 支教经历赶走抑郁症-中新网,http://www.baidu.com/link?url=sO7CwoPRB-hJAceFhz3Cj1tL9GallrfOr7Mwx0UpsncuW1FQ7C4OIKsaOjpHgsQGa3QOXZl8GjNzSx4WbX185MGhB0g28Mp4mTxuUCgFLE_,https://www.chinanews.com.cn/edu/2013/07-22/5067755.shtml
28,北京师范大学:经天纬地 格物穷理——地理科学学部2024年暑期社会...,http://www.baidu.com/link?url=gMTJePFjhJ_p0z0w0jltmCbHyLudCOQjB9jVAoqrbSyxe2HEjrqgX6HcXAuCowkKu8wxVWVjgi84BbeY4wFAph2ZM_ZvAd3DvVd7mP97kL3iBW9dp53jQb6OB8sjMqZu,https://www.casl.org.cn/xwdt/cyxw/art/2024/art_1040ee2e6ef34f6f9f5762d2c296178e.html
29,北师大岩口支教队队长朱启平的人生三道考题--教育--人民网,http://www.baidu.com/link?url=sO7CwoPRB-hJAceFhz3CjB74xVtR8RCcFcqglNVa8CgG_juEyt_RNwdUSHnhr1-FnLh6J-sJsRp6-PdrTlg_h5DAgd_HvFPmJeHoeegxDWW,http://edu.people.com.cn/n/2013/0502/c1053-21337266.html
30,"青春有为,强师有我!北师大支教团:用电影为媒,走进乡村教育!",http://www.baidu.com/link?url=oddrAdfU0n3vT9REh86ZuX3zXTu1a_jlkC7DrmZA_QOP1mUi99Pkj2lqK9a96WD3ZeHDsYZw3R4-5NG4bGZn_TdGxpptDDSaVneIkkV_9Wm,https://baijiahao.baidu.com/s?id=1775113266376163440&wfr=spider&for=pc
31,西部支教教师的感人故事:青春在祖国最需要的地方绽放光彩,http://www.baidu.com/link?url=oddrAdfU0n3vT9REh86ZuX3zXTu1a_jlkC7DrmZA_QQKH2HQFtWvd5U1ldV7Gc2u0WVlotIDizs0D7VEngUkjQpL_07un3U5wp7lkxeYCf7,https://baijiahao.baidu.com/s?id=1832579133356260258&wfr=spider&for=pc
32,"大学生支教:不能天长地久,只愿曾经拥有?-北京物资学院新闻中心",http://www.baidu.com/link?url=rlW_ibaI19ODCm85uOSW_ro6CjMY7sjHRIU88JVUm-zZ0KkhLvaKCaNCNP0nlX65IWzTm9x1Rk8xs-rkjhOaFq,https://news.bwu.edu.cn/info/1063/12101.htm
33,北京师范大学“同语同心 数智赋能”支教团队走进科右中旗_澎湃号·媒...,http://www.baidu.com/link?url=6_hAT1955H83HKM215JJN10S3kNK4FZ32WxmlAMtpTEMfVGIS20xGjPQnmHIMuMLIQpcUzq_lwijs7eLqL52pq,https://www.thepaper.cn/newsDetail_forward_31096766
34,"学为人师传薪火,行为世范育桃李!北师大人这样做",http://www.baidu.com/link?url=6_hAT1955H83HKM215JJN1dRRP1hIZi22saQlnlAJWbgOhzFNdLX8cIOEatD5fjvR2m5jRGTR17J4xN7JaBrlEWm1dLZbKDpXakLGoilr7O,http://news.cyol.com/gb/articles/2023-12/31/content_lbKJGMSWAQ.html
35,...玉树支教 - 附中新闻 - 北京师范大学附属中学,http://www.baidu.com/link?url=Y-eF6atLPyD-ZzxUGsWe3BDNG-xEReyK-Cin9UcaV0WV3MwlcxkCE-rT7E-1zJxcEhQRo757OKtv61EaYFAfWa,https://www.bjsdfz.com/show-30-2947-1.html
36,强师筑梦——2024年学生暑期社会实践纪实(一),http://www.baidu.com/link?url=G4YHlA0KU_9k9qmCYFQSYvqgP2XHZQ-BZDzZfKzMV7785PLdHIcNZnlJXCQhf6XSACPXfjLG_cMVzUl-QGfABGpqB0A2CeFw3xNO-4WGC4e,https://news.bnu.edu.cn/zx/zhxw/f091c5e194a7425ab24536b2acd47304.htm
37,"2020暑期限定记忆,想把我的云端支教故事讲给你听!_澎湃号·政务...",http://www.baidu.com/link?url=DHUuHUz-o18e5Q5U_n8q9WoevcckTE8auzICNKzoi_fQyDLgQqs-qBPO__-qHmbsxnSeA45k1pGyWn9KbE3M3K,https://www.thepaper.cn/newsDetail_forward_8992038
38,退休老校长下乡支教 北师大学生加入助教团,http://www.baidu.com/link?url=MJ_Zrqn8FA4OgQecDD5rU30B8pjYyG4S_BxazFL2r1dtVa1wj6biQaW1DVCj8hNdlwfw8UWteUP2wNDaQj5yg0zeC8SLetO0J1xD8jHbqZa,https://baijiahao.baidu.com/s?id=1611203157825349666&wfr=spider&for=pc
39,卢立涛:北师大教育人应有的贡献 - 北京师范大学党委宣传部 新闻中心,http://www.baidu.com/link?url=y9rZNwwrg6BDw7V7_eX2EFhI9Z9fHn-RAcxC314XwOLTKQqRkARh2FtmQqTbVF8bKnLXYpLo03q4Lu22OZz2sq,https://xcb.bnu.edu.cn/llxx/sdkm/12190.html
40,北京师范大学:一所高校跨越百年的乡村实践,http://www.baidu.com/link?url=twxYnOj6Oc3yCn4PPhMvj0wbk_VKpfX3gOEFeK8T2hjNkmBTQe5BIlWnA_ZuS1DyN-pug_UV4Un5MbYIycp_5kYuJeM2T6_IS7uo17nJFy7,http://baijiahao.baidu.com/s?id=1743858620142022447&wfr=spider&for=pc
41,北师大支教保研+现当代 - 知乎,http://www.baidu.com/link?url=MJ_Zrqn8FA4OgQecDD5rU49r44Lr42qiI5ILC0zvoCBfrqED41vQSjrch5p-86Vm,https://zhuanlan.zhihu.com/p/610938873
42,"在基层 | 援琴不怕春风颠,已许桃李同嫣然:北大本科毕业生支教新疆...",http://www.baidu.com/link?url=twxYnOj6Oc3yCn4PPhMvj0wbk_VKpfX3gOEFeK8T2hl20E_MQ-AJP1jodbHO-DIv7iSTks50ZaNufjeoCHnD8trmAC0mxSWzl331GKVJ02m,http://baijiahao.baidu.com/s?id=1749196512738318348&wfr=spider&for=pc
43,北师大实验中学平谷支教团:在责任与付出中感悟成长体会幸福,http://www.baidu.com/link?url=q_CQUJDk0sQfiCMmdinGXKmM7nicf6Bvo8dQC9TfgYT1fulUgUOyckiKAKPd-g9PaCbwcz8H1kBfio6_zOXLF5hml9iPt4c0DdC-hmfhSoO,http://m.cnr.cn/news/20150806/t20150806_519455511_tt.html
44,北师大实验中学平谷支教团:在责任与付出中感悟成长体会幸福_央广网,http://www.baidu.com/link?url=2GJyjJIWOABnm0Uu8-uo23LOURcczGrgSVEqsRNoCXIoFjO8p0xozBFo1pgXefAqEPD9G5KoEHJjXbO2O1XwMuhffx5sn34-f3KbIoM1HeS,http://news.cnr.cn/native/gd/20150806/t20150806_519455511_1.shtml
45,"西部计划|北师大研究生的支教vlog(下):用一年不长的时间,在爱与...",http://www.baidu.com/link?url=BAKJz6g6UJMVOlsbOOi2IR9FFGL4ApMhijptZJTdqwOjvJcQFYV2W9XaKqnjfE-shiXtb7BAS6d6b1pWupMXCa,https://m.bilibili.com/video/BV1HB4y1G7X7/
46,"北师大支教的故事,我们为什么要做杯水车薪的事?",http://www.baidu.com/link?url=c8d4lXTIWAB1Um6Bg8U6wIK23pLGu-22PJSWP5QG-u-ElrsJahk9axScavTZZXAIkoNIB1zOZImxFoPSmCbH_AUFoRs4NOg0-TfvG-P3wms1Ne0srtZlgUDazM53yVIFh1N05Ty-56_HwgLWixE8I48QLUP6eMa3_wQIjPPIrGRuxhknwQbzOHUToJlx3_SZzqQY2OtoCeU8cwFGtkBr6oDlrNtC7kwE-CFCYm0cOOasnhp2PZOksWdlx30iI5a82ujVUHMApSG0w1tcHBTETq,https://mp.weixin.qq.com/s?__biz=MzA5MTIzOTUyNw==&mid=2657673957&idx=1&sn=dcff25d0975ab940e1f9a26f1ffc6d71&chksm=8be327edbc94aefb9567c47cf845bc071c191e0d134915e21d1d085a3c26d5d08c70c36f64ab&scene=27
47,"BNU研支团丨木铎金声,滋兰树蕙,我们的支教回忆 —— 陈思远:成为...",http://www.baidu.com/link?url=c8d4lXTIWAB1Um6Bg8U6wIK23pLGu-22PJSWP5QG-u9-erYh0rBCgrzq1D1nEmvnD2WoW0zby5qx0uryYFnJKi-2woQN1438dNtUfc5pXcgdb_E6WWUezV__F7Zf87vFFVftrY6XmQADdXShRQ5giY8oiMP9UBh33L6vAnRnzAxR8fFaB03sinp_SqBFeU2iZWWpw1VEwVYLN7E75jfBA2VhMubwzUJG7TOXwxGuwXGNxCLW9NAsE3YLmVxCypgHRlH4sBLt7diAPOKJ5laA8_,https://mp.weixin.qq.com/s?__biz=MzA5OTA0NTAxOQ==&mid=2651964372&idx=3&sn=c8a11ba3baa3f648d711893567ba0127&chksm=8b6d3820bc1ab136eb7782344c46267225aa6cec8becff451c66244d2f58d37a032f8b72a082&scene=27
48,【教育强国 青年担当】北师大育光队赴江西瑞金开展教育公益行动,http://www.baidu.com/link?url=E0orFlTtaHor-v7QdIxXb_L-w9GVAJnibdU8XrTadSBUdjG5uyoFM3QuRaGsMDwsJOibLqL6NCGctumUy1WIVq,https://fe.bnu.edu.cn/html/1/news/20240927/n8292.html
49,...教育学部育梦队赴黑龙江绥滨开展教育公益行动 - 北京师范大学...,http://www.baidu.com/link?url=E0orFlTtaHor-v7QdIxXb_L-w9GVAJnibdU8XrTadSBUdjG5uyoFM3QuRaGsMDwskJkxNPalZ2ZLj0Jv4p0bW_,https://fe.bnu.edu.cn/html/1/news/20241009/n8317.html
50,"优秀毕业生丨笃志深耕,追梦逐光!第2期优秀毕业生的成长故事来啦~",http://www.baidu.com/link?url=c8d4lXTIWAB1Um6Bg8U6wIK23pLGu-22PJSWP5QG-u7tY7Jpf7IveMQnxJrJEqXqnQx11MmgkL9_YHhRvAR4vZq70GyVeYv9CFUnKxBbt0MCIb5K7l7G0Ed44lsRbABhDuZsXqgOrQFEDfy51iBdp4PY7WZHt-EWP3UcZUKp2p7NIfFpHXOsx5PEmi5PnlL4BCOB7dOgaEJ2srlx8wHJHBmshe3oXQA28OTOsf3GBiH66Gk-TWt7OuNWx7rJ0vJ93Acy5UpPY4-wZyX2PpikMK,https://mp.weixin.qq.com/s?__biz=MzI0Njg1NjQyNA==&mid=2247618801&idx=1&sn=817e50c2b0302d075d24e6a536ad1399&chksm=e85e57a9eb0451cf79f1959ace90629f41090d3c54fdc2513a10d04ba4b8a69a806e05864bb9&scene=27
51,以志愿 致青春丨北京师范大学第25届研究生支教团中期工作总结,http://www.baidu.com/link?url=c8d4lXTIWAB1Um6Bg8U6wIK23pLGu-22PJSWP5QG-u-qWXQU-lHfuqdqtl5EhyZ5MPa2W-UA8aXP_f0RJIyP-fwcLe4DS0Cd9WzodyThLGirq5PpxjTlCJJ644KPDahkkAn52nuO-GDWpgAzYUGIoWw1Jrs5E3W1RF1mSbpCmx7WiRYNetB3dBtFrkN47L-9YNNWIJSZZyqnzvMksAEjO89kt8SGFTpWCpWG360pu_L8NhNkXtn7aTOqo-zETAo9HjBfr_HcoGUQU8zNxXr1sa,https://mp.weixin.qq.com/s?__biz=MjM5OTEzMjMxMQ==&mid=2657948852&idx=5&sn=8d3f9696ced9902a946e2dc1793afdeb&chksm=bc926271c0d3dbf97b4763b8048e3bee2094920ebe939f6178141960e03aee870f6e8b6ddd2f&scene=27
52,...市鄱阳县油墩街镇西湖小学开展教育公益行动 - 北京师范大学...,http://www.baidu.com/link?url=E0orFlTtaHor-v7QdIxXb_L-w9GVAJnibdU8XrTadSBUdjG5uyoFM3QuRaGsMDwslbJLLDarNy3PiCySnhy_MK,https://fe.bnu.edu.cn/html/1/news/20241009/n8318.html
53,...熹育队赴江西省修水县大桥镇开展教育公益行动 - 北京师范大学...,http://www.baidu.com/link?url=E0orFlTtaHor-v7QdIxXb_L-w9GVAJnibdU8XrTadSBUdjG5uyoFM3QuRaGsMDwsqAFj2GZrniUsj8N4yZKDUK,https://fe.bnu.edu.cn/html/1/news/20241009/n8315.html
54,2024年暑假北京师范大学赴河北盐山中学支教活动圆满收官,http://www.baidu.com/link?url=lWo1VDejzTZJnhnuSTUkZX-t6I-6MpU0N5jOUEGVOFUKHLl2AMr2_C_FXH1SBsNaGhELwOJLvBY6xQsUw5doDk-t7ZSLKOK1nNp7MMXOdS_,https://baijiahao.baidu.com/s?id=1804807149688008933&wfr=spider&for=pc
55,"专访| 研究生支教团:代代相传,传递梦想与爱",http://www.baidu.com/link?url=lWo1VDejzTZJnhnuSTUkZVRoDNwK8rP9zoEGl5EgX95hntU2pdGIcOpBjI6C5E4hdz-QP1ZInZuV4YS3yi6oCbl-zLzAOwsQ_A9bXGoY83E0M1bNF8D1Xq47F82ut4Ia1ZVjMZiYjJDNoW9jb980m_rS-0f99Fb28RTfEcNJDWDLdjaoNGoMD7TKjhAjXB0_bOoVjlKNHZO4nrESL205Yf2pjKBoKHyTRzrJ5UOJPeeVc7dezo0sgZe6ATEdgjxeEL1muCRd-iERp3zK2Dq4Kq,https://mp.weixin.qq.com/s?__biz=MjM5NDA3NDEwMQ==&mid=2652522241&idx=1&sn=8c0b97e0199cce46aae61ed9454de472&chksm=bd63bb9b8a14328d87650de15343bd52500da6da0e53160c9213c29dba0d24864bd46a35038b&scene=27
56,"青春有为,强师有我!北师大“电影下乡”暑期美育支教团深入中西部...",http://www.baidu.com/link?url=lWo1VDejzTZJnhnuSTUkZVRoDNwK8rP9zoEGl5EgX967W52IqU401pgi4z6z64LVF_wbFVdF2HM66ncgYKdewXbJPypvbtIE9efwtob4Y54nSMikZDZDRfh2iymWKFR5TRWNA81ppVpsb-m8gTFXNJHvR19FtQh8-WeS-zpdKAk26HX-Fl3PbJ2AWrAbekEXHQULnMYsYYaPYI4z7qtxvrYmd7T7tm8jIgTSeC-85EvFtqEr50Y9h3O4jWSKyk80pD9xwtEcCoT4G5v05uuVCq,https://mp.weixin.qq.com/s?__biz=MjM5MTg4NjM2MQ==&mid=2657974891&idx=1&sn=ff95a2eee6db31ccaed9853eef70e9e4&chksm=bd37671d8a40ee0b8abd0d83ec7450927973c8f9626c9b1e2a23af389b38ac2d61dd11783c2f&scene=27
57,...龙岩市连城县莒溪镇璧洲小学开展教育公益行动 - 北京师范大学...,http://www.baidu.com/link?url=DBH_0w1Y_HYx5jaqQIqmwta0nUvLW2PA3LdSuvVlTnDzgGKvrEjeml4My6RH8fBP5Z6tpY6M_2EmEVvq4lL_L_,https://fe.bnu.edu.cn/html/1/news/20241009/n8316.html
58,【乡村振兴青年行】北师大育云队赴云南省施甸县开展教育公益行动,http://www.baidu.com/link?url=DBH_0w1Y_HYx5jaqQIqmwta0nUvLW2PA3LdSuvVlTnDzgGKvrEjeml4My6RH8fBP-YO33ME6SwdYvez9cE0M3_,https://fe.bnu.edu.cn/html/1/news/20230905/n7546.html
59,北师大师生代表庄严告别优秀校友黄文秀同志,http://www.baidu.com/link?url=17FOXc2ihPZwYAA92G-F7dl-QIK7-IcTn1Vhc-WuDlGbUwFI72Gf4Ns8oKCxNj6WUV8QxeSOPZpUKcpu3cmrtq,https://dwxgb.bnu.edu.cn/xwzx/xwdt/75655.htm
60,BNU研支团丨北师大研支团新疆工作侧记:西部岁月中的无悔青春,http://www.baidu.com/link?url=lWo1VDejzTZJnhnuSTUkZVRoDNwK8rP9zoEGl5EgX95O1y5O04ZwgoC6XvbhLY6Kfvq7lDZSeCB69KSdV9m6yGc99jWOOtLJRAj85jO39fVVU3lEbDiE0omIvQyAcDUYhv0HTxirZ_cntHmKH7pK48cZPVEDCcziqnMpTy7Lu1tzesCjP9YzrYvd4XCtYwdvxf6MnTFtouiHQD3CezsvDpKMGM62RTji4lly0lwkUAlZV-zWMqh6N7c6U5vG2XMT03gfukP6umITxKM1HA324a,https://mp.weixin.qq.com/s?__biz=MzA5OTA0NTAxOQ==&mid=2651925457&idx=1&sn=b852f3d61a2647fb51125b9f82eccbd5&chksm=8b6dd025bc1a5933e4989b2a8c296292d9e48227d11b30dc9a9140346a2fbf6637fef301001b&scene=27
61,外文青春支教行 | 北师大“E·dream乐育李岔”暑期实践队赴宁夏...,http://www.baidu.com/link?url=lWo1VDejzTZJnhnuSTUkZVRoDNwK8rP9zoEGl5EgX9zJX200W-DyyeutuQS1l8SJgJmpkse3h2bOCQWk6NHcBJxQaJtrqjldMLWR4b2tCfUCNu_TSuKBznGWwfAso_fUeZLjGx-8Zg5MpZKd8n4JDafCKxLaNoYx5GWOQL6lMXXDdo8WQINqljEoCZm0rmSHQ5pznDoquavcAqCZfqTN5bCugXpWI_FMY1XMjuaTqC1Y5lBJ847Gg2v8-qLT-ijj2WnubiR5MRAotyXzS7Vbla,https://mp.weixin.qq.com/s?__biz=MzAxMjAwMzM0Nw==&mid=2650449522&idx=1&sn=63b64ca59b4be8d3dc0267db58834d45&chksm=83b6770eb4c1fe188b8d757ff2e92ae4ea9484f4250263833f801b7f0e9beec2702d3e4e15bb&scene=27
62,...赴湖南省湘西土家族苗族自治州龙山县皇仓中学 - 北京师范大学...,http://www.baidu.com/link?url=DBH_0w1Y_HYx5jaqQIqmwta0nUvLW2PA3LdSuvVlTnDzgGKvrEjeml4My6RH8fBPWVJnC9D9x3ZZwyOAvoqCca,https://fe.bnu.edu.cn/html/1/news/20241009/n8319.html
63,北京师范大学第二十二届研究生支教团成员简介_大学生志愿服务西部...,http://www.baidu.com/link?url=UMuQuTsiR_XM4Sm2URt8eZq-yVzfhRAclHIZEhoG86J0IaEJJTGwBl9VQTuf0W0_dJboBPlRPTr5jFkOcqF2MJyYeJjoj_0yfY4WWXOMIsW,https://xibu.youth.cn/jyjl/gxlz/zl_342/202009/t20200917_12498306_2.htm
64,"茧中蜕变,磨砺成蝶!他们是北京师范大学第25届“自强之星”",http://www.baidu.com/link?url=UMuQuTsiR_XM4Sm2URt8eQiKWQcqN_F7Borb8P8JEXQ2x6d8dc4jFUG_7-rYEnY3SO8QAC7OHJ0uufA3Y2A-_M62CwgdHe3YbC9T9gFUgb2TFEKiTurEkTjwZzWlBt2FeT1HaEfq26857DEIq-l0stBVv3Ixls8OS8eGa82_5tPx36AhJZ69uU496gyP9OeTEGb6hmCHoQiXzqZigpqyIqj26oqvVJ-5lDpircI7edCKjURxlGRVkKr_fz1o6P7Aa3V4p5R7uM9g0hZHhiBSkK,https://mp.weixin.qq.com/s?__biz=MjM5MTg4NjM2MQ==&mid=2658018512&idx=1&sn=3c47bc4fa1244e7bf862d05e8f048812&chksm=bc13c75d1d53a042e16595fe635bf1e4f9d08eeaa3043d547cc532f4b30f330da74fa3e7f053&scene=27
65,本期关注| 教师节前 北师大师生来到太行深处马兰村——“电影下乡...,http://www.baidu.com/link?url=UMuQuTsiR_XM4Sm2URt8eQiKWQcqN_F7Borb8P8JEXPJMzpd8SaEHrpAPtVndm26ZCbgyJIJ8E3J81SuW7c7zND-RH9B7poh11Nz7qmZxNH7GumUoXvWy1ZNTzanA_lGiku_PyS7Yy9SZ02n7PqnVUVBV7yvfczbkwoMlDJDqHPP0qhxm5TboV25QRhSwLddkZTNFkVIR_XFA_eOmu8qmZqmxV0jMji7-zZsyzg8wJJJGnC-wxd0TNuxdZaLHF9VM1wEo55WoUOE-f9jscR2Hq,https://mp.weixin.qq.com/s?__biz=MjM5OTQ5NjAwMg==&mid=2649400688&idx=1&sn=e3ec5c9777c4a5f441247a1be35cd199&chksm=bf24955d88531c4b3ed2f1db90892b05484f694928aa46c08a1b305fc7c7b0b765c9036fa263&scene=27
66,...彝族自治州大姚县金碧小学支教活动-党支部-北京师范大学实验小学,http://www.baidu.com/link?url=v5qQG5pAM6R3NQ-oJVx5g3Zz49mmruKRytkPKwPlCS496gzSoNh4emA6jktg7lNq1G7yW72ppV4Mg7p4dSWWax93xBjynR1sKtaS1XAMRXCLJdjOV-wMHhwgg1GrVi1h,http://www.eps.bnu.edu.cn/xwzx/dtgz/dzb/47f9d83f874d4a2aa483ded2cdadd562.htm
67,北师大“载梦黔行”暑期实践队到正安支教,http://www.baidu.com/link?url=46YquKVuweUZK5hCgtcHW6Y4e0ERvhmiYNn1UIPEN6q5Z3VdbVQ2PV3VL0b9o4BEorWaYFFpHbErh4zbOImJDV6WvEEMJ9qva__uOAtKEak6b6EJbqvGRu-LTJO4vsNv,https://www.zunyi.gov.cn/ztzl/lszt/cjwmcs/zyfw/201710/t20171025_68747406.html
68,北师大安利利:接受资助读书 支教贫困山区|新浪_新浪公益_新浪网,http://www.baidu.com/link?url=pUET8Gz-KJVpx6CQdCu8riM70mBNBh4qNOtfisMRuHaysNSt0KOZ1eow0eTS2-DMhdzyvh5YCpy1WApFidwsSN3IEdHH_-THpsSdDKfhzfS,https://gongyi.sina.com.cn/gyzx/2012-09-12/095437313.html
69,双向奔赴 山海情深||北师大“知行赣教”实践队石城中学暑期实践...,http://www.baidu.com/link?url=UMuQuTsiR_XM4Sm2URt8eQiKWQcqN_F7Borb8P8JEXRsahrljkrx2MbCWdFUnltoNY4ov27leBb5757Tv9HGU6kFGWfKzsxszYIsXgXDW5oRNLve0MT7_vB8qKHvvUwFze1KgskdklvOGMfKMqD3mQdmYG-LZoPZCKcWtNDyzPXhyT_T5cX79f_RXtMMSVLw3xIxCIHuGWv0bAhilsQLVpNMKkBGS5PqWbhM08HFN6umOSR986U7E5NeSMP2mSPEqJnuFTkH7ElJdgkSx_HUcq,https://mp.weixin.qq.com/s?__biz=MzUzNDE0MjU2OQ==&mid=2247512570&idx=1&sn=a2b0a5bea60179fca65c23b0045a88ee&chksm=fbb693f1c97352357522d404dc004da1be83099f5c6e471ef87d14dd0ba70e09d513410727eb&scene=27
70,【西部计划20年】北京师范大学研支团:微小星辰 辉光绵长,http://www.baidu.com/link?url=UMuQuTsiR_XM4Sm2URt8eQiKWQcqN_F7Borb8P8JEXRHFb1dyYOsBt063B0-guFEFGbmj14Gbv_pAV-5Eld3-QTuph3DFcMzHfCFADJaQFpqeCMuZyW0zPR9bD-rlJg27WkqosAU1Lkb3HPNeE0b2VQPy42MERaJBgn5jV0wGXrEXA4xbzw5Nk53paSvMFFHjPMdTS_Fq1ocoHIcO43BCp7P76-6KNKeApcAd3VQJuLzVxvFTQUE-Tj2ijrRnmLnlBToSNHSz8_eKxHSBCU1xa,https://mp.weixin.qq.com/s?__biz=MzA5NzQ1MTQwMw==&mid=2650929218&idx=8&sn=e4ba4c7b5a548ce7c64a49ae5ffe4647&chksm=8b55f4a6bc227db0f6247534f6a1e9b8441b674b51117b261d65dfc9dd84419912c0906ae4af&scene=27
71,北京师范大学第25届研究生支教团成员风采展示_大学生志愿服务西部...,http://www.baidu.com/link?url=46YquKVuweUZK5hCgtcHW55iSh7e2VygGBWuysnZLWNZ2AKPNb5c0nxGW070BhnUYY_2JO_WJgOVycLCcRNNVvb0cP6moV8PyU_Z7rheypu,https://xibu.youth.cn/gzdt/gddt/202308/t20230822_14735929.htm
72,培育大国良师 矢志师范报国——北京师范大学实施“优师计划”承担...,http://www.baidu.com/link?url=UMuQuTsiR_XM4Sm2URt8eNiEH0JgH-eMj_ei0x00BO7qGIhxDwyZ67t8Gh2OvsweK_7RdFu0VJrYfsCsfEYnzjHrnxEbBIRk0BAt0H13nIa,https://baijiahao.baidu.com/s?id=1710533290649806341&wfr=spider&for=pc
73,一片冰心在玉壶——北师大实验小学教师赴广西上林县支教活动纪实,http://www.baidu.com/link?url=y1EPqw5nZDhCxBhW7uh9MXFjduWJDP4nh2NbZ5aPr55n7MF4zhsh3jcBSp4iuWsHgCOCEQYsLnia8ZVV21QA5XXWuMHRjidjpvKdcPllDpfNPR-mOtDJkurUb-YZtAFw,http://www.eps.bnu.edu.cn/xwzx/dtgz/dzb/511e890d862a40b799594ad0a77c3c64.htm
74,实践风采丨“我和我的暑期实践故事”快讯(九),http://www.baidu.com/link?url=9JHj-qlsYbz5mx8PU9Plz8KXAwp3u5F8XXLqY9RbDyeuzX_9X-F0ajXdaZFMv2_gVmCRwPpFFojP3f-M3B5gMIGC95PFR25oK0e9PNg25OyKlqX3XzpV8CO6ALgt1rdZgx656rREC0ovitEH6K6J137kO5m6tKPutAZ4i7oon_u1u1Wk0d7X9qh_0d45GpvtK7kr1I-HD0k0AK7lkz8Eg-l7n3fHhOuFO2MWoE6hMb4AHOlQNPZSd46YzrmO-Sqk151JDCIRrK9mN1sqnDNDJa,https://mp.weixin.qq.com/s?__biz=MzA5OTA0NTAxOQ==&mid=2651940297&idx=2&sn=66f24e8a72322de540746bc655b24df3&chksm=8b6d9e3dbc1a172b556fe47be2be0e509c18222fe508b4d19e4076f6e65208f4c66ca0aee50f&scene=27
75,初心不渝 马兰花开丨北京师范大学赴河北阜平开展暑期社会实践和...,http://www.baidu.com/link?url=9JHj-qlsYbz5mx8PU9Plz8KXAwp3u5F8XXLqY9RbDyeuzX_9X-F0ajXdaZFMv2_gVmCRwPpFFojP3f-M3B5gMCXfaM-9_74Tq5KgMFZzbhXVDhBHVw3VesHZyMVv3Cv5sBKAC5jpbpeB2h3nHx47ii-nO9HVGafHpRX9oVCY-XXRbO8Ed1sRmtEduYPuPZSzxKKM7Jit3to_QvwnRvakXJ5z0WWpIMeOgpaTsIzdUOxfNw_fJcJDWS-hEtPn0bXo4ztTl-Gpyait-sZJb4iYuK,https://mp.weixin.qq.com/s?__biz=MzA5OTA0NTAxOQ==&mid=2651939752&idx=1&sn=d76ea6465f646192bfe026346237f0e6&chksm=8b6d985cbc1a114a6a9ad7476d788b09bd9be81be0a3dc0cfc47bcb3dcc3e70cd81263af1518&scene=27
76,经管人物 - 北京师范大学经济与工商管理学院,http://www.baidu.com/link?url=ia_51-IFlOiUHX3HlmUP_Vg5Z6DYGRQT_nD9kJACSu9yxFUSPma6pO589UGIEVG4xjUmnnH4ay0f6rjXmy09rFWVY9l0BO6pOCVycAyn33z-had9-ypOnhhKh08xC_YM1gHcjCyb8TCpgS4rUKBJDK,https://bs.bnu.edu.cn/ssfc/jgrw_20200903103607846601/8951e4470b8041e891ff2ab1b2c44dd3.html
77,扎根泥土 绽放芳华——四名初登讲台的公费师范生的故事,http://www.baidu.com/link?url=u0Ofzs20nVUKyf5LUvB_g42H60OVJrwAB3rPi4_hZZmRknnMJnntbwgpa3CM5NPodgOtWF-szj8udkbgz7VYNJL0yxKIcANvJN2HE-0JCR3,https://news.bnu.edu.cn/zx/bsrw/f294b2387c154ea2ae28db7db4ec48ed.htm
78,木铎金声百年悠扬 学人躬耕情满于山——记北京师范大学援疆干部...,http://www.baidu.com/link?url=9JHj-qlsYbz5mx8PU9Plz8KXAwp3u5F8XXLqY9RbDyfqYN1gVNXOLOTf77R-j_2NumsB7TxiwqN1xWwN2S90LdSoVtmsS8TDvB0p0_w9ZJLLDDPaia4OcE7Gc2sTXUuofVmCrDJvWVO_ggqr-9g5kMDaGQ1rVrKyrs7kGmvtQjRYApYwtfU956P4f9RTLEe__CmFemIHWVY832GTTN-N3eflhhA9X_BVDkZxH81Nnzh2K3F4IhF2Gtzjpl5xubagU0ZQYP6uXND3DUENSDIitq,https://mp.weixin.qq.com/s?__biz=MzA3NzkwODgxOA==&mid=2650218618&idx=2&sn=c609c3e509982f4e82573f34db2bebb4&chksm=87495e47b03ed751c6f0504a7ca4505b81ed0b0a94dc8c3d58c25a1195faee001bcad768f39a&scene=27
79,实践风采丨“我和我的暑期实践故事”快讯(二),http://www.baidu.com/link?url=9JHj-qlsYbz5mx8PU9Plz8KXAwp3u5F8XXLqY9RbDyeuzX_9X-F0ajXdaZFMv2_gVmCRwPpFFojP3f-M3B5gM0k88YNKmy6TUZFmDeQx5EbFR1QpZh4vUgoYLrodtQnNXSxe9cffYN_Xvehlgr1lEh7SZXkDTZsuLW7z8_h5drPmWE636o8-unbwYuNeKlXcNGUaf6cOlhoWgCLHjhKFBOtc1qh_N6QNae-lVZ6lKJSqMMLWToBuhyq3QeZwh-reaMbo4aIZSy8lQ6JnDHpjFa,https://mp.weixin.qq.com/s?__biz=MzA5OTA0NTAxOQ==&mid=2651936421&idx=1&sn=bc2a3db95b1f812db9062b09499fe403&chksm=8b6dad51bc1a24477f3eefd5879e9253a21579299629431946a1330325d9a737fb074f1bf565&scene=27
80,"北京师范大学“优师计划”师范生牢记嘱托,争当“四有”好老师...",http://www.baidu.com/link?url=9JHj-qlsYbz5mx8PU9Plz6un3cZpA_f3BrWExPNexAx1Wdhh-sYzp6dw41mpdjAwB1xbuPTX7EtX4Krb4JnKBi9VBONxV036oFcSdzsvhCm,https://baijiahao.baidu.com/s?id=1773626225627983682&wfr=spider&for=pc
81,"逐光支教传薪火,向阳笃行齐奋楫——北京师范大学“初心如磐,奋楫...",http://www.baidu.com/link?url=S1Xt757qPWRfRZ01f8_F7fCLp9b5NxaWFvXSHzVZScJFN2pX7dqF0tEyNx99ODo6KdDqMlZ4idMhifxBNToBWccoROYQF7DWF5R_LkfwkOhl0-QVcSTKC6IMQ-cr-vA5kaROfJqno2Q0M4gOnXBtkLuTHCyoPMMIPZ_oOduBcDQyHpmR6GuZNtj6FnMAUpGlIihIZkRPayoDbVjyX-UAYHpScR4Z7Lc4yuHKCLmxc2pfiiZIr6-yvQWzA7268jclZzZzJ1GBjxsFSYOjKswnSa,https://mp.weixin.qq.com/s?__biz=MzI5NTUxNTk2Nw==&mid=2247512258&idx=1&sn=91f92524bcb7854917e2b80e44294d29&chksm=ed7600fb1d483ae683a053329af985bdf27c45f7fce3a0b0d5ffae9177fd0cd6130cc47b38f9&scene=27
82,外文青春支教行 | 北师大铎声振川支教队赴四川仪陇开展实践活动,http://www.baidu.com/link?url=S1Xt757qPWRfRZ01f8_F7fCLp9b5NxaWFvXSHzVZScIV0yS7LcMy1AY0lXsyL8HVrt4qKUDi9hftp-QLPhic_-CSKWV60VwymKCwwqYw9n77vuOIdoZ1XC4qqcuoyE21zeQY5AwmJNvQqskr4ctInbE6s7DZVr3iDM9hlNv15sJkgnRF2ZJZF3SXmm4RnRiw_WEKoO7LNHt6TPk6ZHFJf6KeC150dP6_s6yR7OGGPo9JZKH4-BO94rV4qKscxOWF4_fpUVLagNSOOwP0osvHba,https://mp.weixin.qq.com/s?__biz=MzAxMjAwMzM0Nw==&mid=2650449479&idx=1&sn=e51deac2f6a91f08f1e9443f785711a4&chksm=83b6773bb4c1fe2da300242a6baa244743d07d947533cf78d9f914bc2ddddf90f05a7b5c8b1f&scene=27
83,...随北师大教师志愿服务团赴红河支教-党支部-北京师范大学实验小学,http://www.baidu.com/link?url=_4jMFK_JhQto6xsaZM6cfCp5FddHDdBqo7zj8Wz5FBuMxJU8W29wHsV-OenGwbCjK53OFkFBlwxbT-SFmDbv2aNu_F41CdIj4kXtUwJFpSjnH6uL2r2h14jKntQc15X-,http://www.eps.bnu.edu.cn/xwzx/dtgz/dzb/ad0877976d594f99bed5fb3c9ec4d085.htm
84,"关爱留守儿童,北京三所高校百余志愿者暑期支教江西乡村学校",http://www.baidu.com/link?url=S1Xt757qPWRfRZ01f8_F7fmN5q9ral4BcuGVMk74kF5OnXUG_tgmXrLW2VOz9m1TCieExfZBqb-rp-3Bhc6JZL60ZkM83VW8NHAf0gySKji,https://baijiahao.baidu.com/s?id=1773843863967889650&wfr=spider&for=pc
85,社会实践那些事儿 (四) | 暑期实践:支教活动,http://www.baidu.com/link?url=S1Xt757qPWRfRZ01f8_F7fCLp9b5NxaWFvXSHzVZScIV0yS7LcMy1AY0lXsyL8HVrt4qKUDi9hftp-QLPhic_q1xxMsgSlVe2Oos5rcgLGXXVNR86Rzy8faQttIeaaY9JYsBjAv8Rc0OUp9tpzIpHgwI8g4sUuEus0UcCMBJzqrcyJbIwbsCJ17sAqF293rBgQNV3MDSCdenQdSK4mb4yG4SQfb5Rb27YzceOKgV5nGwAO1EAGe-F8m-QzrilTdu9xb2tKtAmW1Uie3rBFaTvq,https://mp.weixin.qq.com/s?__biz=MzAxMjAwMzM0Nw==&mid=2650427842&idx=7&sn=c1d68a2d1e4b15fc6f847e20ae031186&chksm=83b680beb4c109a856f4cedd543e3324bd8f755668cf3026ea1432686324eb4c02590806e794&scene=27
86,学子风采丨以热爱点亮青春——走近北京师范大学十佳大学生,http://www.baidu.com/link?url=S1Xt757qPWRfRZ01f8_F7fCLp9b5NxaWFvXSHzVZScICT7_x0mKYRJb7yrYpKMS8l_KBA1ZbvThMV2W5_vbLpcrXfv4moJUOzdcX4GGaDprg15kKPodgWpi0yupmpJ2tUahnN12wNQjNnRkxufvkKH80o4_mX7m7LXcG3JkPeGDoSl35iwKVaNHxSfatZ2UdUbxeWLQTiju-kXBvbpnjYeAC8Ka3M8Bh1ZQAyEHhOUfP992GDP4xZPV1XQYJJzDt5jkNzK5QUh629wgRgSdbt_,https://mp.weixin.qq.com/s?__biz=MzAwNjUzNDA5OA==&mid=2649374019&idx=1&sn=42d890f3c8c49bd39927a7f87f4aa4fb&chksm=83157bfeb462f2e8f9f7b2961d1538f50569c008e9ccc685cf1cbbdde1f995be2f7daf35c12b&scene=27
87,北师大学生支教新疆库尔勒 政治课上讲炒房团,http://www.baidu.com/link?url=Jrx-SAB9yilnRncgpdWPSTmSMZV6c6rOompDpt99RG7r7yXPGZgW__dgHhG9DsVQrwJh4GfFQvdMbfYjgdr3PoP2U3_mugNnABNPeofsJcm,https://www.chinanews.com.cn/edu/xyztc/news/2008/11-05/1438758.shtml
88,【我从北京来援藏】守护梦想 收获爱情 跨国恋女友陪我去拉萨援藏...,http://www.baidu.com/link?url=TFx-3drry748_JHFfHaCwsGbOU9cn-DEozKbkcIfJ5JDdJPMj7mXSm5Q74goE2rqVaDtrzXvi2UgsdiwSSEFlq5HZE2KWkdRPGJL1XULVDS,http://m.tibet.cn/cn/news/yc/201809/t20180918_6269520.html
89,播种梦想向未来——清华、北大、北师大等名校学子在高洲支教,http://www.baidu.com/link?url=Dqen2isRL9g4OFdBPkf9AXRu1vFSoDws11VERVrxaoRALJaRFVB6EJNbdWbtVpIxfz-9RD3NIXTjxutjbmt314qXVFsm-QccCFDZ0SzUg5aZGe8PrwxA6mtyzNZI_-tpwhz5DIXwo_soZ6UsuKnfT-9rPLFF4cX5bMVEThxTDAJCtoo9yZwSP9hpDCF4GEwkSUDRRdEqMsFGZn9hlxmn9zSsF8mYP-8KUgqkfwlRnZFoZWAgRAaxZEceMtSSbqK2Op5FfUyYdoY00oWEXL_FQa,https://mp.weixin.qq.com/s?__biz=MzI3MzQ0NTY3Nw==&mid=2247510023&idx=1&sn=f46a849dea98e43390379c71c7a7e585&chksm=eb21ce45dc5647534cc524c15dcb588dff3585c17471a13d8fd810a04c298d3c2df563f22b23&scene=27
90,"北师大第二十届研支团赴三省四地参加培训,开启支教工作",http://www.baidu.com/link?url=Dqen2isRL9g4OFdBPkf9AXRu1vFSoDws11VERVrxaoO76weoS87WJLk12smbJ8wnrpqmwOlzTYecUEDxu04UxVEFyXIj1e6Wgfp16EocmobSZjI0D6uFDYLtFQcTWDXfy4iQ-PWkoaqtT9o_8YQNPgFOQDsGl8230azjLveHq5l5qN9i2jEykqHJaLeMxOi4WbgJRWgPwRyeJWpjaM96KYPl2yZE9uxZJfVv-N3ot6wJJXIK0Np5Cu2C-B9LK7Q1Eo9DcEGXEEyPEupedCf5-_,https://mp.weixin.qq.com/s?__biz=MzA5OTA0NTAxOQ==&mid=2651848431&idx=1&sn=6c2c84c1bee9550850eb4f128f402adb&chksm=8b73051bbc048c0d0871a5e3c0c3a4e562a8ec9b1292e4350b157c85fb5db39d87d04de6eda5&scene=27
91,北京师范大学开展2025年党员集中培训第一课,http://www.baidu.com/link?url=GyAfkh3tmtlbqozY7lbUh4c7Vp7NlAmqKIaGwFtlfmhrCwiID59Hi5USoGNzf0u16FjG0g7-0DmQKbFt1406yXjyIpjTHCwxCV9NaDvB8Bq,https://news.bnu.edu.cn/zx/ttgz/535a8a0396d74d8888820ec7447ff822.htm
92,北师大学子:暑假短期支教怎样做更有意义-中国青年报,http://www.baidu.com/link?url=vCYe7hhbGAVo_p_rQ37cU99rCPm_i0kseCcsvd14knAtC_y0K4-82Pn764KAuqOf1Fp0gehpFV25jsie9125b5jWqD5xKoeHXtYJCKMKWGy,http://mzqb.cyol.com/html/2014-08/24/content_154175.htm
93,【乡村振兴青年行】北师大善教队赴山西省泽州县开展教育公益行动,http://www.baidu.com/link?url=JMCPtX48k-2BrDvo3KmWCl2ZaYkTO1RXn5A8h51Xpk8M5gZcxVyypE4iHyy_wTz42TjbbasuiDo8LbpeuJZUm_,https://fe.bnu.edu.cn/html/1/news/20230905/n7550.html
94,北京师范大学哲思线上抗疫支教队在行动-中国教育新闻网,http://www.baidu.com/link?url=BqHNX4PlAlTEGc1uf2uFGXnxRQutn7YWmE1CoAWAGq4_ejZBbOemt_9T6VwZf39XocfmoUng3BWbFT23o6xwQXRytzdDyL4DTzbkN5WnrMy,http://www.jyb.cn/rmtzcg/xwy/wzxw/202004/t20200405_314199_wap.html
95,北京师范大学第二十三届研究生支教团成员简介_大学生志愿服务西部...,http://www.baidu.com/link?url=EyEq1TVgBNwtGNClaYL5coRPAMI4lMTV_Erq8z4WfV2YYjK_XnUJc-Gv5PfUMd-K1CfivkI1a3ukSfXhaskmukOs9s_oTSrXMHUzFFm7V_K,https://xibu.youth.cn/gzdt/gddt/202109/t20210906_13205736_3.htm
96,2023年“电影下乡——新时代大学生美育支教行”在广西大化县启动,http://www.baidu.com/link?url=LZdd8khOWeFRYSJKiEGvGUNJc59EoFBNeaNQK7x_CVUUW-0nF2K5cGZboKkzzv1tKiHxXbk5-DmlYaxa4K85HT7kjU591tXiLRyG3TwFtVa,https://news.bnu.edu.cn/zx/zhxw/bc3f36039d9c48279e5814bbab165a29.htm
97,北师大学子赴会理县黎溪片区中心小学支教,http://www.baidu.com/link?url=xh616iDiRZJiIHQftvNtucKjCgy61I134tV_wQFoYPpjuP71rhZ0YCnQu4wP2BLMWZWM8a-3PV1JX8vw5nh3k7eq3jkLMwjer3Mk-N1t5-ZVzZpZY1WQS11tE_3Ql-Tg,https://www.huili.gov.cn/zfxxgk/zfxxgknr/zdmsxx/jyjy/201907/t20190723_1229851.html
98,高校助力脱贫攻坚|北京师范大学志愿者教育扶贫案例 - 中国大学生...,http://www.baidu.com/link?url=_a-zgpeepsHDJ79jg8yrxJM0yxbI0beOkXECC6oN9T7iKD5BH-XLOwH-Wp8rXZUtgeqK7tNDmwxMHq4ewK9VMnPfCYVgXeKizFzSgmB3xzu,https://baijiahao.baidu.com/s?id=1688825968589620556&wfr=spider&for=pc
99,生命科学学院师生侗行支教队走上工作岗位,http://www.baidu.com/link?url=_6Kw3qKwdCgcS7nrn4x_qOMR5EccO2nWohhdYo71ZRhzuD7Vnd-AHCO24GKsDREjYG4l-iNzdU1p0khXFYfosa,https://youth.bnu.edu.cn/yxxw/16653.html
100,"2018年暑假,北京师范大学小强同学到西藏进行为期一个星期的支教活动,并...",http://www.baidu.com/link?url=HKZLqVxH5zVaYP7pmdyE0GI1CyCWppmnofnP-5dHrzi6OBFjauMJjJwKvj5dinQfEND-lnmh-dgePkEaSenvAfTdF-ta1kN6AkxlZZ8AUa_eLWS1i9K73jkhwyKXHPMo,https://wenku.baidu.com/view/9238ee1bf9b069dc5022aaea998fcc22bdd14366.html
101,外文青春支教行 | 北京师范大学E·love渝爱同行支教队赴重庆市...,http://www.baidu.com/link?url=_a-zgpeepsHDJ79jg8yrx1UWA00U2EndPySPP4KgzCCIVhF7x1E0vkOl5iFUmheCN0FcDn3FVykEDjCRtxnAraRB0YmmO-GFowVegr0XwEkeJSgGzJLF1Dbpf9ckwEf6o9pIpcqqz3_EZsNbUTS0ojDNhSyzxYA8wvVex96Zv1YGC7F2qxwcWH0inIPIblJPLx2yezNjoJWhIo4Dtgc4Kb8DU18ZNmnVUV2nB6-zKuux_6CaU0JUPLWJmCmhBL1mnGc3lrhaTZJsuZKhLLRtCa,https://mp.weixin.qq.com/s?__biz=MzAxMjAwMzM0Nw==&mid=2650449804&idx=2&sn=c8a0cf980e4b317b93203fa03e9b5055&chksm=83b676f0b4c1ffe60d7b53709f9f8a8c589dfb9b36d62be71de48721e13a0146a0796a4e3a03&scene=27
102,"社会实践,让大学生从“旁观者”变为“参与者”",http://www.baidu.com/link?url=LZdd8khOWeFRYSJKiEGvGUNJc59EoFBNeaNQK7x_CVTjhkqe4KTRxCrvYqkU2jPVZ0vw_D8holTHcoGYhG3o3TB1rbvbr_HMo8B7G8f9tA3,https://news.bnu.edu.cn/zx/bsrw/39b907f45bad436c9fb49e46be7b73d8.htm
103,"支教日记丨张晋森:于未知中奋进,在人群中成长",http://www.baidu.com/link?url=KKLOXcwP_U6UDM5auVsJiDWp7N0ZKfvSrp4SGF0KnNw1P2t9Ku0NKBfZAGeLVZXXjevZBRxbGVROSEDWEfPWa3oh0OU-S72sxCOcWzR73u7,http://news.cyol.com/gb/articles/2025-01/15/content_X52ZR5IpYg.html
104,为了那份沉甸甸的嘱托——记北京师范大学优秀公费师范生群体_共产党员网,http://www.baidu.com/link?url=jWHUE7k9iPcAKvu8Jnr8AwW1b9eGqL-t5Y1-CxHkNgdzjZlGQjLfOxTdXoVazfYT3MK7bIaHv1UhHehilUupZuzQDH4rtF2EiMILcenYPn7,https://www.12371.cn/2019/07/08/ARTI1562557054063796.shtml
105,支教这一年 研支团成员们用真情写下滚烫青春答卷-石榴云-xjmty.com,http://www.baidu.com/link?url=Ky-mwjAzFKe_RzwrXdIJY50SaGtHwsgIsaMSTu8GhMfvyjg26ztb7cZqvNI2vSgGK1EsKb-kNoSq9tI6DoQKoCzI6lL8NqVbArsoxAmo_dS,https://www.xjmty.com/sh/202507/t20250701_29353374_web.html
106,北京师范大学“师行西藏”支教活动落幕-阿里地区行政公署,http://www.baidu.com/link?url=fQQLXnjcUqoRfrOPgxi9fZYlFb4PIKemJqEsxoBqZM0iWDvcWbm1IE4RvUZ_onwHTRRQe6E6DiFTiaXXhNjJaq,https://www.al.gov.cn/info/1034/19829.htm
107,"学子入金岩,乡村五振兴 |座谈且交流,支教伴振兴",http://www.baidu.com/link?url=_hN9BOgYVNGhUsty4lfJTM_N9BF2X-WOQ-oveM6opo2-Szxmo0qeNdFvLWBip7G3M5FZ7ouUz3zDHhqMsPxWIb8_v8fou5zGMP05ccYRNtfHK4gL6U1GTAl1c8zAEtVH0q_DW_5pFa0d9lQhy7pnCq05DXEyb87EzM0tb7w_Wbzk3QTMv6ZyaAVJECBcqB20Hku-T-OOwAh8G4ovv_JfOizF1j1cy3PGl5f9G_EJ-0O66wlCAs_VlH3S0IQMc4-kESIg2RHOztz8ipimSwr_8_,https://mp.weixin.qq.com/s?__biz=MzA5NDQ5ODcyNQ==&mid=2652866397&idx=1&sn=e8faeb1d96b11f90fc15be8c7156b16f&chksm=8ba69d97bcd1148199493a28857b9df922a421c3d940f707dd8623eeb024872ea108532922e2&scene=27
108,2018年度“感动师大”新闻人物评选候选人:北京师范大学白鸽青年...,http://www.baidu.com/link?url=fQQLXnjcUqoRfrOPgxi9fYVPMNSxnSgSX05WR4AHTBzcF0j8kCNz1_pqbUJuKMHaeB7GBxBAUGsqiJK98IQJ5v9GCMepZdtdczjNHxSQS5W,https://news.bnu.edu.cn/zx/ztxw/2018gdsdxwrwpx/106623.htm
109,【乡村振兴青年行】北师大雪育队赴西藏自治区山南市贡嘎县开展...,http://www.baidu.com/link?url=LtXAlWLrJ2R2ULC1QfziFbGKEM96-01Wrm3l74Z0XWCEYAL1vOCYwGw1ewSEVe-m_bTT0qVwlczYc4fJwDsgtq,https://fe.bnu.edu.cn/html/1/news/20230905/n7549.html
110,为这支“北师大研究生支教团” - 雄县人民政府政务公开,http://www.baidu.com/link?url=fQQLXnjcUqoRfrOPgxi9fZxSPOtuBTgtuERG-OK2EYv2vLIOWSzbC2gMakDCvFVt9IvpKQh4g9wsInM6b1UxWY8SYC5uV59OOOlqvM7GgZ_,http://xiongxian.gov.cn/zwgkcontent-888888652-61076.html
111,讲座回顾 | “职在必得”就业系列讲座——支教保研分享会专场,http://www.baidu.com/link?url=_hN9BOgYVNGhUsty4lfJTRQZvMBX59afEre3BWLDZpmwPrSo95RL46ERpNu7wvGKd_dxamXOgnOWxHXt0xlW31Gqe3L3Dvg3QB4O-KQmfUu,https://sjc.bnu.edu.cn/xwdt/xwzx/5244048630534956869603c63daf6ba8.html
112,“是毕业也是梦想的开端”——北师大基础教育学校“筑梦人”的故事,http://www.baidu.com/link?url=-_bamnrW8tAA46Kns2Ql9Ac_2GLQR-72MFsRZLjdLpwVSwelCl6hq442z2l6weqCwcq2aJj-1c1bh0w4yLry7KxqSHPABct-sB4kDCiLDme,https://news.bnu.edu.cn/zx/bsrw/40d17047ba2346a49d7910c689c06e09.htm
113,北师大附属实验中学初中生自发赴广西支教扶贫,http://www.baidu.com/link?url=rw3YX3tQ0IsUycGoX5Ovy5Fq1iqZ0aPNSKmnk3TlThC0VPuvPnrF4W3SdEAjEOICHKzYBQfSdKQTzZRlv78jaK,http://www.ahbagy.org/display.asp?id=3518
114,我们在夏枝繁茂时见面——北师大暑期支教安徽阜南于集中心小学,http://www.baidu.com/link?url=cgSsIlbKJgIOpidyKt53Lh7paM-kuzR4PuWr53ZJPR3ocjd9RRUBqT40WCSs0-qF,https://www.douban.com/note/725021449/
115,为梦想“北漂”11天!她以专业第一保送北师大_澎湃号·政务_澎湃...,http://www.baidu.com/link?url=_JlaK5Bn95Bl3_I6Am_0ViUuGKyle88FdX7VEoK05ewoE7L6fN4ZNsi75SMuDMwtYVBvpd1HBdd9hG3JtgCOTq,https://www.thepaper.cn/newsDetail_forward_2473562
116,#互动·京师# 分享一下线上支教的趣事吧! ... 来自北京师范大学...,http://www.baidu.com/link?url=cgSsIlbKJgIOpidyKt53LcmadWCoRpfC6oZA8xPkFhTUsU_Jc8fbMHxRykF5VYEQ,https://weibo.com/1875088617/LDlbni7dQ
117,北师大学生社团暑期社会实践与支教活动全景,http://www.baidu.com/link?url=cgSsIlbKJgIOpidyKt53LczOMjADmlKOcGtz6Lhz9KE_tkubI2XYRMZU5noL8BRYAVvJmav5tXn4hftRLEQkWEYQw8pzLoPj7gb31uiSrXi,https://baijiahao.baidu.com/s?id=1829777436711449039&wfr=spider&for=pc
118,北师大赴贵州支教活动顺利完成_光明日报_光明网,http://www.baidu.com/link?url=6UVKvLGYHDj_my3FWQ0bAcOED4lIPa9gIQduDPsOL_8RZB1FYXGmQ0Hlnr-Oa_DhVgRGYidBwwwukdnsedv4mtuP2B82ACjRZ4Okls1MyM_,https://www.gmw.cn/01gmrb/1999-09/22/GB/GM^18187^6^GM6-2214.HTM
119,北师大源梦支教队在广宗二中开展暑期支教-地方频道-河北共产党员网,http://www.baidu.com/link?url=N7tPsjNrpRHkZIO9pARTjBLOp97cGfFyvvpenR7iVP2K0DtScqJuXucXcQZL5iLewliwWOsPJj_Qoq2pTG3MZQeSBK2w0vKImc7rrGCZJCW,http://www.hebgcdy.com/dfpd/system/2022/08/08/030601763.shtml
120,关于毕节一中老师朱启平的事迹 - 百度知道,http://www.baidu.com/link?url=rw3YX3tQ0IsUycGoX5Ovys2QsI-F39f1J7JmbBHlhreenjABUFhG8pdXAz96gjupvhQs4WQoCr5zBHgYJUNmo54dLFgq6euijBdICPnpnfq,https://zhidao.baidu.com/question/424557854707413132.html
121,【实践】北师大心理学院心羽心飞心灵成长营赴四川汶川支教活动...,http://www.baidu.com/link?url=N7tPsjNrpRHkZIO9pARTjHSsx62qErZZgQ_P3-qzqXsrDdkiOFE1uTmG3KpEQTOib5sXrozv7DJ9WjxEuPJHpjVTB9m9cCUEQALmq45DURyAR7wRkHZH48PJ8KI-hhjG,https://psych.bnu.edu.cn/xsfz/sjcx/xwdts/e254525c00c544dc89e70d69d08f451e.htm
122,支教阜平留下一生值得骄傲的故事_河北新闻网,http://www.baidu.com/link?url=BwNYoyaS8_pF7PajkgZonECpOU5Lv3INZKzZZRTroZNihmRcXCEWQLWWoxmX2D14OmZ0FdAC3Smy2J8SoWy4uofaDh7hooSj7UT6kOhDCwq,http://zhuanti.hebnews.cn/2014/2014-04/27/content_3906350.htm
123,北京师范大学80后思政课教师温静:有如时雨化之者,http://www.baidu.com/link?url=fkoRiZmaUFrDDnyBAcyuwzUxa-gj-EYWeMbnl_AkPL1UCE9aPAHIzcS6xFncTbE0d5Czu9yRutJH07C-Xl0TBdXp-vIwgIJ3qtufs7Mi1Pu,https://baijiahao.baidu.com/s?id=1631475149319728709&wfr=spider&for=pc
124,"支教感悟之当我去支教,我才真正理解-实践故事-首页",http://www.baidu.com/link?url=OOUZahnxdLIM78-QdQnaiHeB0lUXuHtJ05CyvEG0lOlRpKBDdLqQkyNUoMeXtfTY-bem5t9y49XfL8JyX8EeF3qB6bTQywxcaYZfKeLaN79LsoZRmxeiwCbsD0LtoVJE,https://psych.bnu.edu.cn/xsfz/sjcx/sjgs/f837570cb8ba45c99af5f071f3d61bb9.htm
125,暑期实践故事 | BNU追光者支教队-实践故事-首页,http://www.baidu.com/link?url=OOUZahnxdLIM78-QdQnaiHeB0lUXuHtJ05CyvEG0lOlRpKBDdLqQkyNUoMeXtfTYzgLOpokSGcx8l6fOd5eYLheZPghS0VrzwEVhYCkfpXbpsqsBuDgSzZhnSMY0T6iJ,https://psych.bnu.edu.cn/xsfz/sjcx/sjgs/b9bbfcd8751444dd903200d9852281be.htm
126,...开展线上志愿服务活动-北京师范大学新闻网,http://www.baidu.com/link?url=fkoRiZmaUFrDDnyBAcyuwztm3OZMiLrDal_a8Xoo73LiuAwZzvbOCsbTHfd8CC_4coJsVz2pikkxk-dOKpto-a,https://news.bnu.edu.cn/zx/ztxw/jjdyyqfkzjz/115971.htm
127,"助力乡村教育,教育学部党员师生赴广西资源县开展支教活动",http://www.baidu.com/link?url=hkkjqR80oxMQw-K0gR1VATVij0vNxdt93T4fmTsTNWP3HtUXEIKR4pIQvtrgrvo7qawKGymtqa_UgmSJXr3CkK,https://fe.bnu.edu.cn/html/1/news/20230727/n7508.html
128,外文青春支教行 | 北师大E·Joy暑期实践队赴山西运城平陆县实验...,http://www.baidu.com/link?url=fkoRiZmaUFrDDnyBAcyuwzXG-Wr4GnF7ZEDJnFNZbPcngXvAIOjAeqRVJg7gILWEkpMOYkKLt16pluS0BGsxQTezXxadYsiRy0RHmgdlPtekVjEeoSekmick6_qyTXUoS28H9upJ_Tivt-glYrOrECJm8Klu4IGRyyMukd8LhrqZ8xW1m7VTTV7B5YBJE8J0Ye7ZNpHIcBFjL5OUksxIlql0N0gBchyCkd27OgoVtICX_2jAfmXM61THFuPzLscM0ZIITK3fy601scsGPdqaUa,https://mp.weixin.qq.com/s?__biz=MzAxMjAwMzM0Nw==&mid=2650450326&idx=2&sn=d8b5831c2aed4ed72e9f02731400576e&chksm=83b678eab4c1f1fc388dc6b92363b83cb5cead7e55916a9998c15b249ec22c10d2dd2d1d2159&scene=27
129,北师大附属实验中学初中生自发赴广西支教扶贫-公益时报网,http://www.baidu.com/link?url=1zRqOHAUzXfs88IC7RLYCZYIDsLUQ6HsTzXbcvKTfhyLk10tJqQ-fqzTCm9IgJDVCMuqvvapn5rACbJt1J_21aHxRShCwUGx4uyo0oZBi8q,http://www.gongyishibao.com/html/gongyizixun/14458.html
130,北师大专家教授赴陕甘地区开展志愿服务、教育扶贫活动,http://www.baidu.com/link?url=apvvKIX8Z_Xn8u-PYbshobyPkPJyIFZvdxzLSTVpWqPaCubi4ZP4h3BZrTHHQwUrAAohPfbBLCq4qVgdTpCXPK,https://news.bnu.edu.cn/zx/zhxw/110845.htm
131,以赛促教丨第十届暑期支教精品课程大赛决赛成功举行,http://www.baidu.com/link?url=fkoRiZmaUFrDDnyBAcyuwzXG-Wr4GnF7ZEDJnFNZbPaVX1l2rvz-ZpOQWkzqxSzRtmZNcralfs-zyjgb-COEhXhRi9Y9d2GHQmPfv4kVuOGDkioNmafwkJhsu8ndy3mGjreoAFZkPr9z_N7ou5l8yYgVl_Lk2E2x2hkFNEAQOFc6mmL4oKZxTDfCWp0wMqjhCbeIrmAOfJWVaaHdwJGeovorHYF3rD_sPh2NHZWk5tqtBHgx2495bR7xeHAb_mXWEdovaiuqu6C5Mul0HJ0dAK,https://mp.weixin.qq.com/s?__biz=MzA5MzMxMTExOQ==&mid=2652122327&idx=2&sn=0e4dd7cac1032c4882a97eb13dc428a9&chksm=8a1789887ecc4a3dcb17085efe5497fbd4a87ded3cfae110f1750c7b71059906cf85ea537f78&scene=27
132,共青团北京师范大学委员会,http://www.baidu.com/link?url=SUQer2xv_BFNmiuotImRla8q8xcinPz6P5zlo_L21SWl9JZtvBhCsuEbTZZeBYd4XECUWYgZRPHE-t5Bnruqg3zy7wZVJtAMnj3YWjq43IK,https://youth.bnu.edu.cn/tzgg/f2ff343ed0d44e118940fc7548375830.html
133,团市委携手北师大支教志愿者陪伴新市民学生快乐过暑假,http://www.baidu.com/link?url=2t7SOPVE6SH_zXU2HTWnWADdSrWaL81jgWpp-3yiHC44k4S-Z9d4Rt0ZkQE5NDch1c70Mp3miVJAMG2ZFa7Gr_KI08Bmimsw7j7YCbwB0saeBb1vLu4YUJ0KF8r6kLpKMdwBnt4Y83Lta-Zt09_-LHZLPKAnboYMIJTVv8DQ-0iqyZAzRrIB3U2Oi8yd_-G3lTj_ntbAVCNgGCUlC7H0TZQNn9RIvS7JGW8yOc2GKvtOZ1HvYnaR104kGhfqKZjPUmDRhjSZsMUVnlekbRrXw_,https://mp.weixin.qq.com/s?__biz=MzIzNDA2ODQxNQ==&mid=2649802450&idx=6&sn=07ef7aad04d1ef2db20de6b56ee5d711&chksm=f0f86602c78fef140dea474c9a656db163abd82bb89a3c85de13e3fff4f8c30f8317c647ca96&scene=27
134,"青春,在祖国西部飞扬——记连续12年支教扶贫的北京大学研究生支教团",http://www.baidu.com/link?url=4tlsoH-WUEXvf01oAkZIZ9bTdXx_ESYggTUB0MVAnHJbhlVra3z2442OCozMf5mt9g5mcBulDNcFOSLHDxkq5_,https://news.pku.edu.cn/mtbdnew/284-201834.htm
135,【活动】“生涯规划”暑期支教培训讲座顺利举办-新闻动态-首页,http://www.baidu.com/link?url=mYpGds9XucsnIBhS9zNrY5MO_3EW3-Gg1b4qCTcnA5fnp9iE6iTmwle4qI6otP05HcNo6s6L1kpYhxtSpsKwvAIULztmgxCDXxfN_IUUJ0YFVGLqK4WBQ39fIrUNB96C,https://psych.bnu.edu.cn/xwzx/xwdt/2afea415c4044640b4eb3bfacb9efd02.htm
136,北京师范大学研究生支教团_大学生志愿服务西部计划_中国青年网,http://www.baidu.com/link?url=mYpGds9XucsnIBhS9zNrY5MO_3EW3-Gg1b4qCTcnA5f0mZ4hF91EAgNutz__QalELM6Nw1OHRtTP6wFbnJxud_,https://xibu.youth.cn/jyjl/gxlz/zl_342/
137,...北交大、东北师大的扶贫故事|教育脱贫攻坚微视频接力 - 微言教育,http://www.baidu.com/link?url=2t7SOPVE6SH_zXU2HTWnW2yHnuM-zaYn4IatQhB5YWzdNu5yvIy0Zh2I6k_JVApiYQKsv9Qm7KhhvdJUA8dDUmQHFoBsTN9ZxdodARjHrn3,https://baijiahao.baidu.com/s?id=1692457224693414482&wfr=spider&for=pc
138,灵璧一中夏令营:共享学习与成长的新体验,http://www.baidu.com/link?url=2t7SOPVE6SH_zXU2HTWnW2yHnuM-zaYn4IatQhB5YW5CE1xiTjw5hOqodRSMlk_tfw4lXiZhHdO6nDdTuwpybO7Lw_yVMIBI5_4K8iuWKIu,https://baijiahao.baidu.com/s?id=1830509337001355502&wfr=spider&for=pc
139,"“青春有为,强师有我” “电影下乡——新时代大学生美育支教行...",http://www.baidu.com/link?url=jKE-WgRx4iKbmNBRjnbM6xT1TPGjLEmrpJ5UNypFBuJqZxwXFFpQHAhcAamLroDuZEhlvWGVaHfFsbr5WNV-Wa,https://news.bnu.edu.cn/zx/zhxw/128779.htm
140,北京师范大学在二郎镇淝南小学开展支教活动——安徽党媒云| 乡镇融,http://www.baidu.com/link?url=X1qD8Mk6EmiPF10cAkjBvdkOoleLHSzWNbWSeohi4gx0JUeEaOCFaQ1LtgYuU5oQUhm9XX6A_iRZVjDRokqdf89oO6KmPbgHEZfpcphIh1m,http://www.ahnews.com.cn/township/pc/con/2019-07/22/1382_125749.html
141,北京师范大学教育学部,http://www.baidu.com/link?url=VbLTqhY8dTz0BHeuO82Rq4gYpo9faaB27bVisFrn38w5tr2e2Y4nVZ2f4n4Bh-PNgiNGyTS76EdMxz7tWOmLOq,https://fe.bnu.edu.cn/html/1/news/20230605/n7420.html
142,"北师大研支团:梨花映赤浪,坐标向星辰_大学生志愿服务西部计划...",http://www.baidu.com/link?url=0HWt1om9dr6GdGCNoJPVx4uWny9fhXWa9MzjrTdb4E2EpMuieAL1hXWHNWE2wrUa-2XXReZfPEkmj47z8wTh04E_2kCFXrejskEPKjL5fdm,https://xibu.youth.cn/gzdt/gddt/202505/t20250519_16008939.htm
143,"北师大研支团:梨花映赤浪,坐标向星辰——中国青年网",http://www.baidu.com/link?url=0HWt1om9dr6GdGCNoJPVx4HEThAz3us9BrN-5IZ9-JOcy-D8o8YkkTgiWy-4HzRVtkDAIT5VJ5PAjdmQYYac3iF4eNUvfQ7eKunJlWPqeFf39BVNf_jJQMkz8i67zT98UVa2y_iugzN3IXmg4LXvGq,https://t.m.youth.cn/transfer/index/url/xibu.youth.cn/gzdt/gddt/202505/t20250519_16008939.htm
144,总书记回信的北师大“优师计划”师范生:为基层教育贡献新鲜力量...,http://www.baidu.com/link?url=rVgwWwCDd_8GoXx1qZMMNkm34TOR2dMy0eucHTax0hSY6uF3nyoSDrlHXUgQt4d0KyP5e_XuCoNnZJ76oWKqIa,https://news.sohu.com/a/814679740_114988
145,北师大岩口支教队队长朱启平的青春故事 - 中华人民共和国教育部政府门户网站,http://www.baidu.com/link?url=S2jKZtQ_nMMJ9Rpk1Wbu7Lbbr5v6rMRGuq3WqggVMgEJoy00B7qeGvezGZU9KZZQ2XLVE2rkzyH9W6tlsxO6hg4bMSwsXsIYSwPwPrxtApS,http://www.moe.gov.cn/jyb_xwfb/s5147/201305/t20130502_151458.html
146,怀揣教育热忱扎根基层——北师大学子入职大凉山越西中学背后的故事,http://www.baidu.com/link?url=cswAdPWOkwQ_FsJzDX9lDOwzV_9xPc8siXLocyVj1LsdC-aOyUHy6NuEPr7nWSrxzsdLpe9SlDViMM-OM5G3-y5LdWAR4o8NTOaHLZhrAAq,https://baijiahao.baidu.com/s?id=1805398129990576942&wfr=spider&for=pc
147,"BNU研支团丨木铎金声,滋兰树蕙,我们的支教回忆 —— 张得胜:保持...",http://www.baidu.com/link?url=fVGyMNTOC3e7hIVgllh72Xg02nbjQvWxFvuDim_3J_wZg0yhRZZDhYioSn-soxZlSP5zmpleJ7vPmJGiddh6j1yn9sX6AW6UbATaS_O06cs3uNOyK37gnwd9HWSdqi4zlrFJhhU_A5QVe_kfWPQoB5Bh7R7jdYl6eSlq1OYWQgeTS6kF-Pmjqfd5T3BxseoKbqH-KXXAqC8VD0nJf3k9Y0ZeoSvBwS_4AB-UDUOCX6s1lFQzx_Sdm75at4ccpSbIPE9t9wYTbdggRhxj86mCla,https://mp.weixin.qq.com/s?__biz=MzA5OTA0NTAxOQ==&mid=2651961484&idx=3&sn=93e0168fab9254d1fd013ff6308fd6fe&chksm=8b6d4378bc1aca6e4c3a466be17bab1f3c58d24e1904becf7049596c18466392e08090ae9c07&scene=27
148,"BNU研支团丨木铎金声,滋兰树蕙,我们的支教回忆 —— 沈艺琪:十年...",http://www.baidu.com/link?url=fVGyMNTOC3e7hIVgllh72Xg02nbjQvWxFvuDim_3J_wZg0yhRZZDhYioSn-soxZlSP5zmpleJ7vPmJGiddh6jCSrmVm_qLQk-IgrbbsQe3hkyUDBdTZoHWCP57P_Nga-itzsKTiHayrnv6phbB3To2i3-mmqyY2CxfltX4ScUcvexSxZOirqt7mSTKuxZlVVQeW7KlBC_DUx8uDrFKh9ARe2bIwFwxQFWnbIPiVFi_YpSZcttRGn1ih8C33mvOzezocNLFeQvTSJaDJwCYhC3q,https://mp.weixin.qq.com/s?__biz=MzA5OTA0NTAxOQ==&mid=2651954444&idx=2&sn=561d5dd069d40582ad0aa73eb74a9a67&chksm=8b6d66f8bc1aefee50b4497a43024eecd4dc2af1423fd69d1736695127bc9260cbd1de5d76c1&scene=27
149,"BNU研支团丨木铎金声,滋兰树蕙,我们的支教回忆 —— 张宇涵:成为...",http://www.baidu.com/link?url=fVGyMNTOC3e7hIVgllh72Xg02nbjQvWxFvuDim_3J_wZg0yhRZZDhYioSn-soxZlSP5zmpleJ7vPmJGiddh6jBB50AYpsCr0SN1-q9oInU2wHWPWQEHsJtwkIEhWF88oMjet5DvXgliOTcV-oKMmzUz6mtN5TEMYBtbwehAfWfVduN_rRE2g13eLHIXMWuw3i1O8hpE1HYi_zRPW8MNEb_WQ1s3zBYyJxb3rvZ_sM2SdS9k57yNDwA_J129iOn2fMzYVg4W5bAmip0PtHsLfNK,https://mp.weixin.qq.com/s?__biz=MzA5OTA0NTAxOQ==&mid=2651949204&idx=2&sn=c3c8915ecb98ac82d4ced08c835dc2d5&chksm=8b6d7360bc1afa769417c5f9564d06e4eba449bf1b04e9cc804c9d19bfb22cb0043c8f473b4d&scene=27
150,"BNU研支团丨木铎金声,滋兰树蕙,我们的支教回忆——郭芳杰:向着...",http://www.baidu.com/link?url=fVGyMNTOC3e7hIVgllh72Xg02nbjQvWxFvuDim_3J_wZg0yhRZZDhYioSn-soxZlSP5zmpleJ7vPmJGiddh6jFEBZgyB2WSAsgwWj1x0ltVSywpb7TcfpI1hFuZLo8iZZo6Gj_6bQ4BmEJrMoixaZKBot8205doOJaGsH0eAkhe_jUA_7VPOhWk3sGCE9E5EYO1QndbU6BcTzhslGoMsiOpqVmGnU0lEWXX1WzGlWXJ5tdJWdOjouq43zDUGJFq041CM6_hkfvTMEVJENhWJcq,https://mp.weixin.qq.com/s?__biz=MzA5OTA0NTAxOQ==&mid=2651961365&idx=1&sn=61e99c115a24c7cd1a6d7159777e140b&chksm=8b6d43e1bc1acaf7008b3c743346a636b83656eab7be9df0ea3166a3a243e329a1f23c484ff2&scene=27
151,"...木铎金声,滋兰树蕙,我们的支教回忆 ——栾嵘:要有北师大人的担当",http://www.baidu.com/link?url=fVGyMNTOC3e7hIVgllh72Xg02nbjQvWxFvuDim_3J_wZg0yhRZZDhYioSn-soxZlSP5zmpleJ7vPmJGiddh6jFEI2kCbb7BUnQZsNUVBfYie4mrIJ8-Gz3k9nW80W5SSpMV-M8AzaLba38i8JxUjoFmgAT-ONxiGKQJGFYoxtJyXzgnIxS5oP2C_TkIBh8LlmMz4vREr8L83QMdhq-e321cLspPwnHQX0j6Lfwy9yE6H8sL6DOmBwY2_qLUXY3QzHbSAaUpQKJmIhZ5NM3D7KK,https://mp.weixin.qq.com/s?__biz=MzA5OTA0NTAxOQ==&mid=2651941537&idx=2&sn=bd4c7c222c533773df8ad403d2128ca1&chksm=8b6d9155bc1a1843c2d471b11ff33b9a91523f3c6ed77d829ca04740547662a2ccb4d354c502&scene=27
152,"校庆倒计时19天丨木铎金声,滋兰树蕙,我们的支教回忆 —— 邹敏:从...",http://www.baidu.com/link?url=fVGyMNTOC3e7hIVgllh72Xg02nbjQvWxFvuDim_3J_wZg0yhRZZDhYioSn-soxZlSP5zmpleJ7vPmJGiddh6jHwZT4XAKaWPW92ZKIf9j5D0M6oi4mE8LXlneW7I_-Vi3HtvFjY08fvBUnplQJYxJL9OzZKLMVJJ_x46L9eURKjLwpVGNaZthV5b9TTsJEvdLqUVLCwvnMapzWyC36HGv-TyeJ-PShBevKqynY1K92DelquxdIe45cZCaKCNG916LLsVX0AhQ5Z0SrZ63VAAsK,https://mp.weixin.qq.com/s?__biz=MzA5OTA0NTAxOQ==&mid=2651941106&idx=1&sn=d68a5aede3bb2c6f42c92e843f8359f7&chksm=8b6d9306bc1a1a10e7aeec7311d1b5404c4bbaa01400c4a2adb6ee5b67e112d109f1068b93f8&scene=27
153,"BNU研支团丨木铎金声,滋兰树蕙,我们的支教回忆 —— 马嘉旭:用心...",http://www.baidu.com/link?url=fVGyMNTOC3e7hIVgllh72Xg02nbjQvWxFvuDim_3J_wZg0yhRZZDhYioSn-soxZlSP5zmpleJ7vPmJGiddh6jDQJPiKQyNaOlHcG-j0Ot_T5PS7xyE5tvF7acz7ll_9HFRkoNM3w3qBLaaGPXHil25-BZNlVaG2wkvHx4HzmFXrVOg25IH26PEn4dOyZNfUY_hfoe57Qnm5RBUEQRhGrfHBJTnzPEyw3afw25VhvXpy5rWW_go9dAbXGh4uWT--JcJpjbQvCpO4FWxt5EBnPz_,https://mp.weixin.qq.com/s?__biz=MzA5OTA0NTAxOQ==&mid=2651951175&idx=1&sn=33cadddc8c95961d700e2e96e0d1b08e&chksm=8b6d6bb3bc1ae2a5d26d9b631d36bf5411640720a07a85cbdf986adced3f82a2357ba8f9e7a8&scene=27
154,"校庆倒计时1天丨木铎金声,滋兰树蕙,我们的支教回忆 —— 孙尘心...",http://www.baidu.com/link?url=fVGyMNTOC3e7hIVgllh72Xg02nbjQvWxFvuDim_3J_wZg0yhRZZDhYioSn-soxZlSP5zmpleJ7vPmJGiddh6jIrLhvBbmWslxDkWIAIA8We_CXqH8zeJPWwJ-RKhhp3vKbmCT4-9TGNkQeGA-F7UJMGQVeAZKZqokOT0sSMG3EdSvpb3QTBcwu_BdwFU2NuzU3Bs78Q8Q5OTdm0_v70n4PKhSpjiOFJiAlwdqbgVb1XhbgI0yVOLJoRWZR3zvthkxHom3VA1b53OacB2iQfEo_,https://mp.weixin.qq.com/s?__biz=MzA5OTA0NTAxOQ==&mid=2651945156&idx=3&sn=84a318d2361da7c82f0985e68b4d6b84&chksm=8b6d8330bc1a0a26b97945d0bab81c5050572256a65cd82617d0814f3c55b8c77b121fc848db&scene=27
155,"青春有为,强师有我!北师大“电影下乡”暑期美育支教团深入中西部地...",http://www.baidu.com/link?url=Q4OW_9CuAnycblxZcdl1VaFr29BeA4NhR3GgihrNJnLZwKUvwPXPgTGzqqXsz9bo5am4g7u4Rj8Z4Llpgr4i_a,https://www.thepaper.cn/newsDetail_forward_24359750
156,古丽加汗:写在叶尔羌河畔的青春故事-北京师范大学,http://www.baidu.com/link?url=__7-wM2Pqf8vpKsZtPSi_5Oy1CwPlLGHS6CUOiA4syoGzclGF_l3N1g_KCkF9yGD,https://www.bnu.edu.cn/bsgs/87520.htm
157,"【新华网】“此生为师,青春无悔” 38年美丽芳华支教乡村无怨无悔",http://www.baidu.com/link?url=9ZdDcbPOReH5Xmac4WjtSHy245rQP-ne7ralKidpbVBncRZob27Q46slWPBaHCJHFGBDsYWjVm1EueRh23h6Mq,https://news.bnu.edu.cn/pt/mtsd/111284.htm
158,"暑期支教回顾丨 幼松教育扶贫专项行动,北师大学子在路上! - 澎湃...",http://www.baidu.com/link?url=7NO1I475KnmgaO94BfesDuZo9voZJ2_TEvgPEWhD5eHUrT5Y1Wa7ja3ufnTAXvdMuTucyAalI2jSjVqqQQA-eY9CUOfi8eEKKn1WGvXlsZu,http://baijiahao.baidu.com/s?id=1644049251449960540&wfr=spider&for=pc
159,找到了18年前的支教老师:用青春书写跨越时空的师生情,http://www.baidu.com/link?url=KNsDv3-UtHmJ4ncM_haQPckpHtX7BDAq1R_dYwF-br1mBPQ5kA9zlAXMm28plSOE3b7c6lq8NI7ub1NbP5zUU3NlPZUzOyAbEfTm52XgSIq,https://baijiahao.baidu.com/s?id=1793667636184917696&wfr=spider&for=pc
160,北师大岩口支教队队长朱启平的人生三道考题-教育频道-北方网,http://www.baidu.com/link?url=9ZdDcbPOReH5Xmac4WjtSDDK7J3xRbbrGKVltz3Vrf-n-Qm2nUIx5MLC7SpMJvrFtfpiScRvIDfqdZRVxns38kdaVTP_sDaHKwLy_YhJgK3,http://edu.enorth.com.cn/system/2013/05/02/010912396.shtml
161,...地理科学学部2024年暑期社会实践纪实 - 北京师范大学地理...,http://www.baidu.com/link?url=hv-_ud2KUJ1K7JGH6UVkA-owjDPMOPTqJq0nu6z3xf2CifmdPDESYg8tNYv9tqv84uZP1VumBuaNdaFn68UxsTh2bBXNdhRGTnuDqwNalWS,https://geo.bnu.edu.cn/xwzx/a6ef35e549fe45a4963381f655f6b45f.html
162,找到了18年前的支教老师:用青春书写跨越时空的师生情_辣言辣语_红...,http://www.baidu.com/link?url=utqx3ukVvXUr9Nf7QFJVGX5Vtdpk9LHCm9OKcsrj_OIZHhHvmmsd-9rU90f1zPqi3ZqwX1wNRkcWcTAQ78lZha,https://hlj.rednet.cn/content/646847/50/13636978.html
163,找到了18年前的支教老师:用青春书写跨越时空的师生情-今日科学...,http://www.baidu.com/link?url=bsUZYJLOHlTYmSh8iOs-0cZM2daa4ZQqe9M1aBgCbtZYnLCN8PdtGyK77iaP9DXIRV2tqtmo5kblBYXj9qEAra,http://m.scitoday.cn/zhuanlanview.aspx?id=35579
164,...播种梦想向未来——清华、北大、北师大等名校学子在高洲支教,http://www.baidu.com/link?url=pOqa_utdYYcqfm8O1izmKIgMg2lezXRXcsycv9v-NSSygf0NGl7CNBlUifjyrIzJujEUE7jq8i8GDA5SNE5qNtLGdi2tZzQ20H8BzFNpK6_,https://www.zglh.gov.cn/art/2022/7/18/art_4442_1132044.html
165,北京师范大学师生党员同上一堂课!,http://www.baidu.com/link?url=RhOfjXHVWKp3E5yeztiFpU4WlCYGTYDDZPHzk7guiDfWs4L3Yq8r69vKWtxi8-lrTe-4c5l_SbalfaAz1pBGluVaW-_4VEkfp3fJbFP5ckTBrjEBFAeJhavV4OSa0A4UYrSs6A-BA46yeBBm8lVCvlbmgoNz9g6pVyFcEXeLp6oKouhQl3zhI_lNSA6F4Av2sdq4yxc_1iSPGIyzj3wNdh0wnicay1-Z5UyT61pn2RvpUDEAkYA5saLOJxjQraT79JC1dKbImf5HmTkCFnLBc_,https://mp.weixin.qq.com/s?__biz=MzI1MjAxMDUxNQ==&mid=2247590039&idx=1&sn=dc99ee0697d7d7ae0f02c74e28ab3290&chksm=e8a2f32ee2d36ae93edf9d75a789330edbb9f114b7a05440c0739bf7c4b35fbb6f021b56ac59&scene=27
166,北京师范大学“师行西藏”支教活动落幕_教育_手机中国西藏网,http://www.baidu.com/link?url=npIX_U5JdUqIkXHN85wkGg5Z7uj4OZIP9fZdIg4fJf_yli-ERsnldV2HXeSNo14cd45yTGxWx0PPwjDKMFKwLq,http://m.tibet.cn/cn/edu/201908/t20190830_6674443.html
167,北京师范大学党委学生工作部,http://www.baidu.com/link?url=vI4_Ac6PW6qBhic4dMxPCku7OcDfYCh4HGVnIsuHL2qSdSA6EdUHuS9wul8uCsepAn8AHERaaZOZW-1sOYOnSZzFkkmY3cFA6rBbHhS49_oY1mfSo3Rru3lm3cPQPRjj,https://dwxgb.bnu.edu.cn/xwzx/tzgg/97241db14a244b2a96427d9b5c1c4953.html
168,北京师范大学80后思政课教师温静:有如时雨化之者_央广网,http://www.baidu.com/link?url=XqeocFroCTXogWyHvjfw4SfQtnembH9bPe9XoSjHibjH0d53fZUe9yVeJzrzoPtFrzHNWeiKG0Zz-V5qZzTsudp81QLSYN2kdD9YQpu2YRq,https://www.cnr.cn/jy/list/20190422/t20190422_524585819.shtml
169,北京师范大学“师行西藏”支教活动落幕_中国共产党阿里地区委员会,http://www.baidu.com/link?url=o7ufl7yqSZv5KDCbxGbOJsaPN--xGl6nWau7AT7hP0DUE8G-fQJtCCGTsm9OMtUNbqUcqF06VNqKdQ2KlQiSPmAqBlKKN4QGGx1pQqLeG1u,https://ali.xzdw.gov.cn/yzzl_1207/dt/201908/t20190830_94401.html
170,教育薪火续 校地共芳华|热烈欢迎北京师范大学珠海校区暑期教育...,http://www.baidu.com/link?url=L4siKcAtARG4dwaEsYLmWtAYI_PpFYiLWLCOtSOjjcfOrGuJS899-Px5AetFUe4BS17pPBb6h82ivDW3IlGtUtv-dNCDyqAbRVGMN1sBuZLUkcyJ6CBVwN08rEdl-UZbPXfFyynv2ZbaiNdkP14CoA3s5s5_61fbIzEr785TYBoP1psHDJczgkSUl-IjrPoD4qcSstOGA2leS7-McAl2IGEOstqKIgw8BpCKE5-oBR4eI6WVzuB5ZEPa7sMN5xtta86IVG1JHxNKxCEl4bloIa,https://mp.weixin.qq.com/s?__biz=MzUzMDI4MTg2Mw==&mid=2247533296&idx=1&sn=1b6a5967a0f3de56517de7cb71b5aa0a&chksm=fba8933be430edd1b2c85548a739f83e4a481d132a1b82b9d48a3aec028ddf7fe2c3b3fa5816&scene=27
171,“首都大学生同上一堂脱贫攻坚大思政课”在北师大举办,http://www.baidu.com/link?url=4_6kFoIykBohY1WavUo-_1-ympvhmRUrZtrEECkOVOOZVAWn4BXh8Bldtf718MtLYDPaZUK0slBS1LijQ-jDB_,https://news.bnu.edu.cn/zx/zhxw/122594.htm
172,北师大80后思政课教师:有如时雨化之者,http://www.baidu.com/link?url=wRhiNljlvIZ_QqJvPDTQ1oDayFwVtawpXGJRYVhc5Co0KG7OmilAw6VGPZQ-etPsFTm8PALKxvjkVnrRHoAVP-HTidE4IcjIozSr_iLymrm,http://edu.people.com.cn/n1/2019/0421/c1006-31040999.html
173,北京师范大学第十九届研究生支教团成员简介_大学生志愿服务西部...,http://www.baidu.com/link?url=XqeocFroCTXogWyHvjfw4WzD1D8p_NPVpsqjcDFu_OHRCygBVQhEshkgWsIaVM8IOPF45HUmrXTf-u1NqKb4BoF-aK2GjMCt2_HwxK6F5JW,https://xibu.youth.cn/gzdt/gddt/201709/t20170905_10652163.htm
174,北师大“五育入心”暑期支教活动正式启动,http://www.baidu.com/link?url=L4siKcAtARG4dwaEsYLmWtAYI_PpFYiLWLCOtSOjjcft0FTDpCEbvWaO58qx1vy04RSw6462yjC5uS5UX5kSCvfINE69hzTtunHtUBmUiTNOPNMz7MFD6nOaLYjxmimLTmWDFNAILSrfH-lxJ1p3rWDKRnCLD8VhZcY-5zV2F4uFK_KTRAgCV1UM114WzV3-nSJnBrBT9DCX-WviL3qUczQHYlbkcW5rtGSWr_7eL2_paIl2NOyyBjqxbnkWv47QipV4gHJ4062Vm0aXLflWT_,https://mp.weixin.qq.com/s?__biz=MzI1NDMyNzY5MQ==&mid=2247495527&idx=1&sn=de705dd3a2d8659286218f8634aeb25e&chksm=e8398efc604e39b4abc936ae48c7e807ad326ff3997c9416ddbee40f4834b4a32d4e70a251ec&scene=27
175,北京师范大学第二十一届研究生支教团成员简介_大学生志愿服务西部...,http://www.baidu.com/link?url=uglrLc6ym9ptdqYhItXLF5-97Y1VkrIpOH0vfne02Sku_5oI1MpnReW_aveDwddEqA3rvSD5P8U02AKQzOX2Gfg-X63PQX6D2UB_6aTnQr3,https://xibu.youth.cn/jyjl/gxlz/zl_342/201907/t20190724_12019537_2.htm
176,我的支教故事| 呼伦贝尔市海拉尔区新桥小学王冬梅老师赴鄂伦春...,http://www.baidu.com/link?url=uglrLc6ym9ptdqYhItXLF5IS54I-6dfd2OmfnJF8XmS5nnYOSaBRd-ANZAh7A4wR3GbWmMCpW0TsABDvwaeSQzHkI0Xh8B3pg9plgij6G2H9KC8-bmCp_c3McuqYgI_I2IflB_stdEbY0vFcIAhTbuI6xel-Jlnzlx0GoAI0l4zUAofVqW6dwvqSY-bUN6_jnx-c6uRRIMD0QWH4Dqwfc183FRnfyPF47WvPMI6F0OXgmVcPjSwODnQZnXHw3yfK_kZ_xCNNOqs9_DuneDaTT_,https://mp.weixin.qq.com/s?__biz=MzI5ODEzMjk5OQ==&mid=2674449916&idx=3&sn=cc834df3d55451755057ba04e38b7e0d&chksm=f6360e94c1418782fe98c6746932991790e26f9b80caf8c081200a023ae59081ecb5f4a4ac2c&scene=27
177,榜样的力量丨北师大第22届“十佳大学生”风采展示 - MBAChina网,http://www.baidu.com/link?url=zwYjnf5mef-Y8T7_7qLFyPmGG31LWYnc5H6EYfrgdVpNCpPipWDau_PQODiQuac9pB1KOWhbBZu_9PKz3oB5X_,https://www.mbachina.com/html/bnu/202201/407858.html
178,“电影下乡—新时代大学生美育支教行”正式启动,http://www.baidu.com/link?url=uglrLc6ym9ptdqYhItXLFvf6HhjpC3Ta9291pU4SCDfQ6ezuWw2267KBCxkq94CIBFKjNym6ZDjgzO1GIOu1oQAii4XVeH-Nv7fnN9nwgEG,https://baijiahao.baidu.com/s?id=1738021411332703308&wfr=spider&for=pc
179,榜样的力量丨北师大第24届“十佳大学生”风采展示,http://www.baidu.com/link?url=uglrLc6ym9ptdqYhItXLFvf6HhjpC3Ta9291pU4SCDhksAS3oFmUpRgb1-9OS7wi-uMOCaF7JF__WXI9_QzNoJhqpGzW6O9BHg1d3Hc6uDC,https://baijiahao.baidu.com/s?id=1787115845228192378&wfr=spider&for=pc
180,校团委与北师大昌平附属学校举行研究生支教团实践基地启动暨揭牌...,http://www.baidu.com/link?url=uglrLc6ym9ptdqYhItXLF5IS54I-6dfd2OmfnJF8XmS6Nbd7H-L2XLMqUiQmOII4pdPslObPx3pFe1BMcf2WpcfyGI07iDbXb7xdmmjmngxZh9efm10foFcURJcQC_fAYtDr6C5xvAt0JIiL1H0wm2jRWxR6NgEL8dNVsdQy6mvzUZkXs6G6MfIOmXzmYYiyAr1C2VJt4Qhbg7g7RCsm3UgZV7Mmz2XJbnX_O6s979Zx5S5LKnweB07OFmyBTJR1ofrvW_81Inu6ea68tPZRkK,https://mp.weixin.qq.com/s?__biz=MzA3MzU1NzYyMA==&mid=2653773993&idx=1&sn=a59118b6d9947f66fab31aa3ac43bde9&chksm=84d4f3b2b3a37aa4cb4d0fde93ceb388fb1cd172c84a4bad73a095359b664da66df8f145c103&scene=27
181,"赵爽:心中有爱,眼中有光 | 北师大故事",http://www.baidu.com/link?url=ZR-RbOem4OLiCVy7QT4jtRe-3-69rVQRm60FVfsw6ceE0jVAQdijGapbuQifBeAFFbYFvB--8WO3zMxbcUFkcK,https://news.bnu.edu.cn/zx/bsrw/116846.htm
182,"...级公费师范生怀揣教育梦,矢志为家乡教育尽一份力-陕西师范大学...",http://www.baidu.com/link?url=CW3x_HiLQGRPL9YLztndvu9ghMJT4vFITFsd6RQSevkC7D0EO1VPB0OZPLczxHjalHrvXJQeSC5yznq5dhDd6q,http://news.snnu.edu.cn/info/1012/26289.htm
183,"十年后,寻访北京师范大学首届公费师范生",http://www.baidu.com/link?url=fe5eOJ_LJk-NB7lQRllZPm7Ftmo7YfIpJMpR2kaYhSOhNIrLyiJTUwp27gRGybImGZlEmcGKxXhlK1UMQikvEa,https://news.bnu.edu.cn/zx/bsrw/125209.htm
184,助力乡村支教 关爱留守儿童--清华、北大、北师大三校联合关爱留守...,http://www.baidu.com/link?url=l3qCf-kUUaEv5u2yFGYMgjdan9kZPGK8mcv3x3FMld1MkAr_ecc74KVOmzoB0qTMVo85GLi6OIrNgI0D6V7g51gMlNGxolqwjWRUzVWZloZ27hPIzaYZ2V_SGtxPeAJ0RMk0ja4KmFLm7hHwJ_NqSdZV3TvRxggVtJxQnpSseLrPAyzHgCoiSW7dIyHzfwB9NyVT-tquywjrp73gZjnTuSfJslBX1iAJZIJQb5mBs_J2cyG8n11zOfpQ-W8JWUueh1AeivJ7phDlxKQvD-VD8a,https://mp.weixin.qq.com/s?__biz=MzI2OTYzMTc1MQ==&mid=2247490212&idx=1&sn=a225b676d5def2cc8832f1440410b8c8&chksm=eadc32ccddabbbda02bf83b2323a96a023627710da8bce7b6e1042aa0147e1bdb0d137629c70&scene=27
185,北师大实践调研团队走进曲靖一中探寻“四有”好老师育人密码,http://www.baidu.com/link?url=l3qCf-kUUaEv5u2yFGYMglO7d1xC_iWtbutQ90uwDLQnQ62jDxZSafFxujcGWrktVEK569ccQ39wtjt6W-yH3IIxKrq5PnvoFlt57HxPsqC,https://baijiahao.baidu.com/s?id=1836592699420599462&wfr=spider&for=pc
186,"爱在马边·支教日记⑤|捧着一颗心来,不带半根草去",http://www.baidu.com/link?url=l3qCf-kUUaEv5u2yFGYMglO7d1xC_iWtbutQ90uwDLR7g3tdyoNQW-NxH0EwGtYqRCZZrxPHKfRchu9oha0uB9qBj_MozmyLf-0I0XyX2KG,https://baijiahao.baidu.com/s?id=1736590959927485953&wfr=spider&for=pc
187,支教活动心得,http://www.baidu.com/link?url=W__6T9ikFb6TeQ2zFdRSQj0M48rLeW2_arVqhNHp0RzCeeeFC5gofcZd-5iytX1WCI6JuHMTHlrQXXr_SncONq,https://www.yuwenmi.com/fanwen/xinde/4214526.html
188,师大人物-北京师范大学新闻网,http://www.baidu.com/link?url=NXGVFZ5Takbm3rs9gQUOezB5FEq-OS_Hcnxx24FLDXruxoeto7BFGAn1DJOYpU0pekrV5Wu4pI4RPtYwq5wOr_,https://news.bnu.edu.cn/zx/bsrw/index4.htm
189,北师大第十一届“最受本科生欢迎的十佳教师”评选结果揭晓!,http://www.baidu.com/link?url=P9YJG3TamysYSUxUIO5aXnesfvWZ8hsLMtdcuUG3IFBIjXXPua0nb6vV5P_oBpb2Ga7P7eVfA3sQ-1cIigqI4KwvLmhussilYMhdLQ48Hpm,https://baijiahao.baidu.com/s?id=1744234946290619206&wfr=spider&for=pc
190,“方”心未泯 执笔山河 | 特立书院志愿者赴方山县支教实践纪实,http://www.baidu.com/link?url=KAYjkMm9YwnOPlt6mRWkzF27Dl4caFa8aYauw99toHJQp2X3VCFks_FrFIhq_S1aMd_3X8JbFPJFAtBorGzKd6Efsw7C5ibwduxH4bcTuSy,https://xuteli.bit.edu.cn/djsz/7737901f62ca4e54b76f4877a2f34e8d.htm
191,《新闻故事》|清华支教团的锦中七日札记,http://www.baidu.com/link?url=P9YJG3TamysYSUxUIO5aXnesfvWZ8hsLMtdcuUG3IF4R6BBaoDYJGDNuduter-1SJYlDdEBmzGC21gn8R1ZqOoYTWy_qxwcppUjBCesUwxe,https://baijiahao.baidu.com/s?id=1836414839279673363&wfr=spider&for=pc
192,扶贫助学、服务社会!这支支教团书写诗和远方的青春故事,http://www.baidu.com/link?url=5HwumMcFM_3P1juC7Rowdnk7jPsw3hNUg87rPTq4KnVoCDjM-RLd1TmnfzPmYx82uZ52LWK_3D2tsW7KqsJFcGH3PjPwXWkViDilf9I05QS,http://finance.sina.com.cn/tech/2021-08-09/doc-ikqciyzm0444162.shtml
193,优秀学子报告会:为梦想“北漂”11天!她以专业第一保送北师大|在浙...,http://www.baidu.com/link?url=2S9xgtR6USIKRObJBKCmm-WPyIWlJqYg8TjacKJ26LYCo8FMFXFrKZECSG416NhzRSk1wOD57ZVErnQfCjHiHoiYxO_tToq1YR98TtQb3Sy,https://www.mbachina.com/html/mpa_zjnu/201809/167835.html
194,总书记回信的北师大“优师计划”师范生:为基层教育贡献新鲜力量|支 ...,http://www.baidu.com/link?url=5HwumMcFM_3P1juC7RowdmuxpHHS7nfJgrydyPfhAe7pXEVJKwkjAKtQ0G2pgt3WLxAC3dqhQEakBCr3RPeb4_,https://www.163.com/dy/article/JE0DLB5C0512D3VJ.html
195,全寝保研|学霸们是怎么样炼成的 - 北京师范大学统计学院,http://www.baidu.com/link?url=CHdwSUuTgqjJ8LDRYlhZYECmoMBjpHA5tohh29CsFn9nFsC3v7kPNmkpuwByLjxaCwbplrd_knDRPlTyrk7chq,https://stat.bnu.edu.cn/xsgz/xsfc/237153.htm
196,"“我在大学修文书”!化腐朽为神奇,保研北师大的学霸小姐姐原来...",http://www.baidu.com/link?url=EfNC07oENgwYP_lXjghJYb4zW67H45vGW2sjascTeiwb3VCv5LyV3Y5H_x4jHYpjAufRysNyXRvlUIn9t5oylQpGW1dFHnIqF1Jy7zEAwg7,http://baijiahao.baidu.com/s?id=1677580185815046257&wfr=spider&for=pc
197,教师支教心得体会【经典】,http://www.baidu.com/link?url=GtWUcM3N5aCaKsj5UgW5e-ZgDMO3RHAF5JT6J8A2Sp6dGTFDzjbANBajli07qs-tSPr2rtz3sHA2o-VhLVh_B_,https://www.gdyjs.com/lizhi/xinde/712535.html
198,“感动中国年度人物”张玉滚先进事迹报告团做客北师大“四有”好...,http://www.baidu.com/link?url=2yckhMnMOlNKgsX0SiE1Z22eXCFXtVSXLTD51B2bBjECAUnTi1sFDUgPehGWWQDdo5nXHTb_1joQkw-aA8Zcoa,https://news.bnu.edu.cn/zx/zhxw/109492.htm
199,"【你好,志愿者】北师大研支团:用365天,做一件一生难忘的事_教育",http://www.baidu.com/link?url=2yckhMnMOlNKgsX0SiE1Z1J30-WJ5HIvw6QiHjO9YI6Hqy0nCP_xQDYIoz7RgKts3tngXfOKOA-_qgccFMofH_,https://www.sohu.com/a/442847462_120058523
200,"支教日志 | 南京邮电大学研究生支教团王纯洁:当童声遇见山峦,听...",http://www.baidu.com/link?url=d3b0rsU0lRqyNhPpmcJ5obc14UO7LZzpumSL3ysLqvvQjPlTAoE31PtmzPKVvJ4wMLbhBMQE0KMnMB_2aTotIP4_F1J_bzytVMfZFIMZjtdKXEnaA5uPqb6G4I-535TGcepSyMqNNs8jRzmLDdC2iq6u-Ai2oa5DBxO0SqSa31jinO5ITYURawn_qZM6pSUIATgmSHIXbhWnxoIf2-fDdQJcLlQ0h24paylrj_611SAf4RDVGa27jiZd4myZ3NNLPOXi6lgDuJcsDWaUez-ic_,https://mp.weixin.qq.com/s?__biz=MzA4NzA2MDM2NQ==&mid=2651932192&idx=2&sn=a5d84c91c067a8749c54fd6743d43517&chksm=8acedbc68b832c49629278a13eea68b4f516fdaeeb2821d72bc54358266d4c79edaa35304bcd&scene=27
201,"辅仁行动丨星星之火,殷殷冀望——冀望队风采展示_支教",http://www.baidu.com/link?url=OAYRw0Bk-qI2V2v8kz6CORLk3LqQtgEzT-BvEpzb2VNe8Y2j3rL7MWXrLt6WKkI3s4qB9vp97_5QPQr8KuZnWq,https://www.sohu.com/a/304443079_488227
202,北师大美女弃高薪返乡支教 网友: 来我城市包吃住!,http://www.baidu.com/link?url=OAYRw0Bk-qI2V2v8kz6COVpLVpYN6kQXfM4SQb1tM-GrebJUWAETz5Hz-0RS9w2sjaesMwlQ0v_G1Rc4so1cJK,https://www.sohu.com/a/153059742_99930607
203,找到了18年前的支教老师:用青春书写跨越时空的师生情_腾讯新闻,http://www.baidu.com/link?url=XVXJaGTBe_DhxZzCqn1Rfc3W_t95nGa2APqJvdkkX95ijn1-jj1CcLycLDG2up9sejZknT1iWn51J1MIUqQC5a,https://new.qq.com/rain/a/20240316A053J100
204,北师大实验小学举行系列活动庆祝六十华诞-北京师范大学新闻网,http://www.baidu.com/link?url=XVXJaGTBe_DhxZzCqn1Rfc3W_t95nGa2APqJvdkkX9zR5KNgmbPr3VA2zsAmsFxL5FIPfeSjdZ1FU5ySmi5FE_,https://news.bnu.edu.cn/zx/zhxw/104790.htm
205,北师大学生自愿到大峪三小支教 源梦支教队为山区娃圆梦撑起一片天...,http://www.baidu.com/link?url=XVXJaGTBe_DhxZzCqn1RfeP_6sk6f6UkFyiXi0UlEPuwuNFcoQSyJZOh3nR1p-ji-Fk5QoDdIMIJzihc2UwWGq,https://www.sohu.com/a/248231267_100229438
206,支教小故事 | 广西支教队,http://www.baidu.com/link?url=M2bT0oGqYiyAxmo0ZlfYzeGFp2sUImDmlAziIcJz1sppi1gCWtRkvsamdQpUMBJ_Gm-5lJIgOVWQGXTvs_3bbbRo2TyTNPwt72CbNU266EbOVumGS2X3oDWeGJv4-tQXbfbAcE0lUqnKtkonHTpfQMfVGgLqT7vN2vwwL2qaI8p-V1FgUN6S2VywBm9bOaBNMwLfRatboAgwu-i8YtNhbQmYOh3wrHkQRi6Bn5GPfRZ1jmntVXmuOd2vpmPI5qnpFm4ezAEcDyDSwe3ibWg5Xq,https://mp.weixin.qq.com/s?__biz=MjM5Njk5NzE2NA==&mid=2652092494&idx=1&sn=b235af24e646bc95569cfd682e6183ed&chksm=bd07a90d8a70201b6d128ff2237e483de52e3f0a349da0d1ed9e4057cbfd4a7ccd25e1568b66&scene=27
207,董奇校长寄语2018届本科毕业生:做一个有故事的人-北京师范大学,http://www.baidu.com/link?url=fhSnQpW0AHIMbBF02iCnmEFwmLLymCXS1st0GwCuY1oT7RXpc4qd9_kD-3GMjF3I,https://www.bnu.edu.cn/ttgz/88035.htm
208,北师大董奇校长寄语:做一个有故事的人|北京师范大学|校长寄语|毕业致辞...,http://www.baidu.com/link?url=F2QTIKLwpAKdDKCvMsNZYiAbm4fNcBiB6FRz3AIXO1j22Fw8Y1QnzfTspeWZhNJrYlyU17kVe8XWjCgt8y6qB4IpDBhNKZ6BM553LaZpfye,https://edu.sina.com.cn/l/2018-06-26/doc-ihencxtu5885256.shtml
209,"这个夏天,走在路上的北师大人",http://www.baidu.com/link?url=g1pVXk48sQqzmLsbWaudWh3s6PmXCm8X4_t1PFKpwjR0xt-U4PpqfKpcIMQRUixMKC6ZAQtHMwpyL5MSaZgs1_,https://www.sohu.com/a/166759776_391342
210,"辅仁行动 | 随风化雨,润物无声——随风队风采展示_支教",http://www.baidu.com/link?url=sV2iudCjW0LD4HYA3vq2F0whf6mZfKy48S3F6a0aIHz61BmQI5rmUqrBgONw66oYtQli8vMCIgNi1cAIHJYdwa,https://www.sohu.com/a/304873640_488227
211,北师大开展师范生培养“第二校园”建设项目教育实践活动,http://www.baidu.com/link?url=w0ZKn0tigCAApM5iA_cTf4dV4A2UO7nHipvTnSu1PCsgFAShXNgtbGZVTSKl7vikIT8vidqI1zrl_sw6YH9OOuHyVs-TF7uAI7sbatOx8Di,https://news.bnu.edu.cn/zx/zhxw/0bdb441a6fb84490b075a33725d9b2f0.htm
212,北京师范大学实验幼儿园新疆阿勒泰地区支教纪实三,http://www.baidu.com/link?url=7ID5a60nTbLSyulmK-PDAiA3T_zW9e64WtW5XzbRf81KcRysMiwSXHupVGwLQKG7,https://www.meipian.cn/m1k9jdy
213,"花6980报志愿被北师大录取,家长后悔了,哭诉公费师范生在农村6年|支 ...",http://www.baidu.com/link?url=w0ZKn0tigCAApM5iA_cTf23kzAJvEGXLevh56AIuhFwGMDkiLULeJKnyEb6EP9iJt0W3gtuR44WxJhHBiFyjDq,https://www.163.com/dy/article/J8J45HPH05524FM1.html
214,北京师范大学支教队走进安徽阜阳阜南于集乡系列之当我们目光相遇...,http://www.baidu.com/link?url=veLTraQaEepOKBU70Q1N0svvajp-lzdKAK9Wa9e549F5Gefy8n4DCeGrNO4OM3K015DPl6HDj1Izh0UM8hy9fq,https://www.sohu.com/a/327156659_100167375
215,首页> 实践故事,http://www.baidu.com/link?url=QZCRvdLjbtKNdL1NkP2V5mZFEsKwyJZxo8qHa-KtFbT0f0Yc5XIIr7OF_rWofqMi7voJ9bjcNZNAWNZY_06b_a,https://psych.bnu.edu.cn/xsfz/sjcx/sjgs/index.htm
216,北大清华北师大 齐聚彬江为了啥 ——北京三大名校暑期支教夏令营...,http://www.baidu.com/link?url=sV2iudCjW0LD4HYA3vq2F0whf6mZfKy48S3F6a0aIHz61BmQI5rmUqrBgONw66oY7eLveZDsg-WQqC7Xgt-Ouq,https://www.sohu.com/a/158740294_715786
217,北师大赴贵州支教活动顺利完成_社会新闻_新闻中心_新浪网,http://www.baidu.com/link?url=PuwLFQ0BVHMPetanC_86kWAFAKy0wk_mugrK0jNgbmip7Rqj5U-SHLzgBiGm2YlGqqka8-_QB6j-WCpjBTl2n_,https://news.sina.com.cn/society/1999-9-22/16712.html
218,"辅仁行动丨昔者坐而论道,今也起以友仁——友仁队风采展示_支教",http://www.baidu.com/link?url=sV2iudCjW0LD4HYA3vq2F0whf6mZfKy48S3F6a0aIHz61BmQI5rmUqrBgONw66oYEcwkEtvh940jNDNKd0WFuq,https://www.sohu.com/a/306024513_488227
219,北师大:支教三年返全部学费_新闻中心_新浪网,http://www.baidu.com/link?url=klMd6SR14ECKAfEsEPIBF4h2JJO_cs4trFDPJHnymOEDpl-3zwI_xGVnzlVqzQu0Di7P1rzHxyKY985TqoVAeCYIPBJh4oFE8Y0cSlEej0O,https://news.sina.com.cn/c/2007-03-11/111311386569s.shtml
220,北师大暑期支教团与阜阳阜南于集乡的学生们——嘻 我们是小皮孩...,http://www.baidu.com/link?url=r02wIyDvTjEiQlAeAjmbBosv97AZoSy2bQu3eSU9QrwCFDVFVmKRy8sISVOnmUNSIdRPQb01S0waEggKhv8Sa_,https://www.sohu.com/a/325884943_100167375
221,"花6980报志愿被北师大录取,家长后悔了,哭诉公费师范生在农村6年...",http://www.baidu.com/link?url=r02wIyDvTjEiQlAeAjmbBosv97AZoSy2bQu3eSU9QrubEL97GA6104NQu1VAL3mSsc02EmITVI8K2FpRiy4Nnq,https://www.sohu.com/a/797999688_121084193
222,...一生耕耘!听北师大、西南大学、陕师大、首师大师生的传承故事...,http://www.baidu.com/link?url=r02wIyDvTjEiQlAeAjmbBm0TS5cfJwPZiYnI_WaUl39OCugwl6qjDnEtxpi9zTRYfT08Zxg02f8kzH2nbcU3da,https://new.qq.com/rain/a/20230909A057ZY00
223,讲台上下——台生张立齐内蒙支教的点滴记录,http://www.baidu.com/link?url=klMd6SR14ECKAfEsEPIBFEKry2WrVy8wCyiluY47TGuVP4TKZOTUHTiCS_J1ThF33so4CnkhkzEA_rhuEWARxhYWT9tkTI_l75qEvf907pG,http://www.xinhuanet.com/zgjx/2017-06/19/c_136374539.htm
224,"女儿590分捡漏上北师大珠海校区,妈妈担心偏远山区支教6年不值得",http://www.baidu.com/link?url=49Zojig9LPBZRHfvA8Ifo4JwRhM9B-IO9s_sY4YdDfdZJasIEll2iQ1f02AMI9aJR4oQJhXEUMfrC5tjMlw69q,https://www.163.com/dy/article/HI7CJ9N205219ARD.html
225,《新闻故事》| 清华支教团的锦中七日札记|新闻故事|清华支教团|锦...,http://www.baidu.com/link?url=3Y9X7hYi649EaRCW48VdctSIJfQ1wg91WYZH67CwGDeiihbpvQRHVJAU589ugRuqkp4qgKikcHlYB7aNzThllK,https://m.163.com/dy/article/K3CP9EBS0514R9OJ.html
226,326是个“家” 华中师大一寝室四美女学霸成长记,http://www.baidu.com/link?url=klMd6SR14ECKAfEsEPIBFIHkYT8pMJMk36cgGHGBzhG4M1HLX7-FSOs9oatpaDLBnv5Tv2y02C18Nag83rtDpK,https://www.sohu.com/a/137710889_176210
227,"爱心支教!这些北林教师的故事,很温暖!_腾讯新闻",http://www.baidu.com/link?url=r02wIyDvTjEiQlAeAjmbBm0TS5cfJwPZiYnI_WaUl39OCugwl6qjDnEtxpi9zTRYOAryM8oFcRkUFzf4hir1L_,https://new.qq.com/rain/a/20230306A06KA800
228,“电影下乡”让孩子们更加自信|美育|支教|思政课|艺术教育|教育家...,http://www.baidu.com/link?url=AK0KQpqn5n0HL3yNHqGO1f-DhAyQEJ0di1mLLG3VMglz9b1V3_y2Bm6tzFzPaRK5ZToXtyTbwCbsu1AznadjNq,https://www.163.com/dy/article/JC4AU0GV0514R9NP.html
229,15年支教情绘就“同心圆”|温宿县|北师大|阿克苏市|夫妻宿舍|阿克苏...,http://www.baidu.com/link?url=AK0KQpqn5n0HL3yNHqGO1f-DhAyQEJ0di1mLLG3VMgkrBN7D5XXkBUmolZX5hzDfq3kI8_geexXUUPLZ1kDTRq,https://www.163.com/dy/article/IMQ71HLD0530QRMB.html
230,"北师大教授讲述:追光而行,做新时代文艺工作者!_电影_教育_支教团",http://www.baidu.com/link?url=S7nKvCHmVZ1tETsbR5MO3O1CrjWNXXyrZLDLZ0j5-oZJs7X2_VTnXpbsnttQWlmw7M4Sem-36T6vJy_QGF3k-q,https://www.sohu.com/a/770644990_121118939
231,南山“榜样教师”:总有一个故事打动你!_教育,http://www.baidu.com/link?url=3kW1ICe1C0oZnxYXnBGwMmzhMtmfyDcU1bw1feAl3lkH2DBJpGBIEcPGpqw7War7w13VXTIYdZhWCnyHKWJ0A_,https://www.sohu.com/a/274369649_186227
232,"北师大“寒门女生”熊方瑜:人生磨难却勤奋学习,成“自强之星”_生活",http://www.baidu.com/link?url=S7nKvCHmVZ1tETsbR5MO3O1CrjWNXXyrZLDLZ0j5-oZuEIvd-0khTT4qHZvyp1LpaW6Cm9aiVKcJUS4WnFH2aK,https://www.sohu.com/a/368814458_120528624
233,"北师大“寒门女生”熊方瑜:人生磨难却勤奋学习,成“自强之星...",http://www.baidu.com/link?url=3kW1ICe1C0oZnxYXnBGwMm5oDE9_W8-GOSJUIWWfIBOHLAAvSYLsCxqsx_hNA4xJitpNmb74roPaf9wZ-Xm5L_,https://www.bilibili.com/read/cv4454868/
234,心系教师 情暖边疆——房山区教委赴疆慰问支教教师,http://www.baidu.com/link?url=evHwbUP5vo4S1Shb5nnFZQH7on_pFySEVw71OAiX94hxRazFRYnqA0_JqsnkPm7Xqk05VIOqKRyhEIg5eEJFQ-w42SWLeZh84NWYWq1cb0e97kYd3SL1DBRoU-HtiwfE,https://jw.beijing.gov.cn/zyhz/guanhuaiweiwen/201912/t20191216_2550363.html
235,参加为中国而教(Teach Future China)2年支教是什么体验? - 知乎,http://www.baidu.com/link?url=G6FPxcyTO1zGsXMj9JwrWxp1_kvojlTvWDwa0lxFPG0zcDjiXECZyZCwQS5_XNoe56RswDzqfMmv32Eg-PiVja,https://www.zhihu.com/question/263329172
236,"支教随笔:不辞青山,相随与共——中国青年网",http://www.baidu.com/link?url=of3QlM0HlPKwlhAAKpmOJop0QTz_I0B_wliKr6LGM30-PG89_PgLEM1ayxjWXsuL9_zwywwhhRi5kiMjGgrro72CUqeLi1WV7lHtZVHyBX1mvv3Lrlmh0wq7PiUHLeTPHDaPBlkLM91P0y6MqDj12_,https://t.m.youth.cn/transfer/index/url/xibu.youth.cn/gzdt/gddt/202403/t20240325_15153104.htm
237,"Day4 | 排排坐,看老师!北师大暑期支教走进安徽阜阳阜南于集乡 - 知 ...",http://www.baidu.com/link?url=10Ivxga2Py7v_C1-Ic-17HTT2OvsOfNTlCK2Ds-4WP7nqofWM3JWKuAuUqCAqSu8,https://zhuanlan.zhihu.com/p/72466558
238,“电影下乡——新时代大学生美育支教广西行”成果展演完美收官...,http://www.baidu.com/link?url=G6FPxcyTO1zGsXMj9JwrWxp1_kvojlTvWDwa0lxFPG0hhV_xV1jCX-IUDwZPKvR3a-lROJcjYS_yxL8myLOGhK,https://news.sohu.com/a/794049757_641618
239,北师大暑期支教团与阜阳阜南于集乡的学生们——嘻 我们是小皮孩,http://www.baidu.com/link?url=nIuxVvYSSJXkw4oOqE2vpPCVMg2rPZgwmMhHxlMnZoqD0J5v_-9Eo7cuxL7cokuJ,https://www.douban.com/note/725654695/
240,清华北大北师大关爱留守儿童“江曦课堂”柴桑站开营_活动_北京...,http://www.baidu.com/link?url=bqk_aSi752NyTACmYpA2DtAFiTiCIGA_QnRrOQw57DAlSfv6BSG3Hn0DeL7znlWq-IMZFYi64yIWacsi7SN-XK,http://mt.sohu.com/a/696452744_100047426
241,北师大新向支教队-微信公众号 -135编辑器,http://www.baidu.com/link?url=OVxJk305fvrar6SvCRx8OZtgkQ4yA3deTFn0ELsL4QgFo5oeUHn7qm3b5uGHJFt5,https://www.135editor.com/wxes/564436
242,"老师要走,孩子要留,乡村支教困境如何破? | 南方周末",http://www.baidu.com/link?url=OVxJk305fvrar6SvCRx8ONBSkmVdDstoun0c6OUwhUTkv32l7AmqZOWSq7wwf1P7,https://www.infzm.com/contents/250208
243,北师大舟瑶支教队携手靖西市外国语实验学校圆...-靖西市人民政府网,http://www.baidu.com/link?url=bqk_aSi752NyTACmYpA2DxXgQRzlT3jugIbNp63XtkK0AdHwntWqFDDgHNhwbz0min_k3zDwoeG2J0gqFkaGYHJBE7MUK53Ghc5jFvfi50yeMoSQR74htS91iL2g0EZR,http://www.jingxi.gov.cn/xxgk/fdzdgkmr/jcxxgk/zwdt/zwyw/t13044880.shtml
244,北师大实验中学平谷支教团:在责任与付出中感悟成长体会幸福_新闻_央视 ...,http://www.baidu.com/link?url=ELbCAfCjfltLV4htrhyUDPu4452A1643-olP7pUjIWrMOfpzXJq8iNszYmqt2W9KIFJugkx93qullYW9EBIyi9DjYShBmlEAPuQDpTHgmFi,http://news.cntv.cn/2015/08/06/ARTI1438823075198253_2.shtml
245,我们在夏枝繁茂时见面——北师大暑期支教安徽阜南于集中心小学...,http://www.baidu.com/link?url=wfhnpDUSVWWFTWbSKLy8eSy5T9rWx82BPGITkvRj4hUF6Rcr2E4L5nY8A4MleriYaN28KglFE7t9XOzKXQdxGXnZv2bkg3B3E-L8c2qn_dW,https://baijiahao.baidu.com/s?id=1638177636400245634&wfr=spider&for=pc
246,北师大青梅雅音支教队日常_哔哩哔哩_bilibili,http://www.baidu.com/link?url=2NNrWP3gMnre2DQ7XR0uNo7-IDDeGWQtq0IQJ884cPZ1J3IR-r3I2UCpnkqE3ECePGjNpkLTNhl34iTzPmkOnq,https://www.bilibili.com/video/BV19u4y1e7ad
247,北京师范大学董奇校长寄语毕业生:做一个有故事的人--教育--人民网,http://www.baidu.com/link?url=-2NfJAcyfDE0AW-ImxmdM4w21yJ8OH4Q4PQJuq2pr5Lu5KOBC_MCTMRocQSDqg6reyuGEPpXDZLJs8Y7S9IZXAnRk2H5-QUOfsoSZeJfYsy,http://edu.people.com.cn/n1/2018/0626/c1053-30089097.html
248,"...级公费师范生怀揣教育梦,矢志为家乡教育尽一份力-陕西师范大学",http://www.baidu.com/link?url=-2NfJAcyfDE0AW-ImxmdMFthrFkGaBflCdCnz7bYIcsjGh-EzqB0OgDmAxCT85WzQVbTR7qKOV7IrctxSGYvYK,http://www.snu.edu.cn/info/1233/29242.htm
249,"Day4|排排坐,看老师!北师大暑期支教走进安徽阜阳阜南于集乡...",http://www.baidu.com/link?url=7dK12DWUh0XgmOC8qOlQm5xhScRKRy2-b9f_JrOEBOcWFi3o_I589rYxBtFwOoEl76Fpw28ChaZYd2p9Y_bMLWtWHBBfKnSXF8YQq4Cjy8S,https://baijiahao.baidu.com/s?id=1638281473737338467&wfr=spider&for=pc
250,北师大织梦楚天支教队-微信公众号 -135编辑器,http://www.baidu.com/link?url=MrhkJuTRBDoNcxL8kuBZthH0rvQnP5pIZhuSDW8Fu5u2A02tvA6UhepXgNTyycJe,https://www.135editor.com/wxes/337658
251,“时代楷模就在我们身边”——北京师范大学优秀群体现象探析---中国...,http://www.baidu.com/link?url=ibn1dmpDFr9PJ08cvsdfRRoeyjAmM9nNCIhTg-13syO35Umqr2fnCnFAXa8pbddK_r6LQoaAq0gsnnLmgeFJlPMxPcp_e6diyBAbud0whl3,http://www.wenming.cn/sdkm/news/201907/t20190722_5193789.shtml
252,"电影下乡,大学生开启美育支教行",http://www.baidu.com/link?url=7dK12DWUh0XgmOC8qOlQm5xhScRKRy2-b9f_JrOEBOb-k--3Bt2xkRJakLWrkm7gkx6rVmGqpGE9F19Aezlf-ehG2YEd7bqZMAK8mu16ox_,https://baijiahao.baidu.com/s?id=1739318114240704251&wfr=spider&for=pc
253,榜样的力量丨北师大第22届“十佳大学生”风采展示,http://www.baidu.com/link?url=0CYoGaRc00-bMDrqeuDtRs6NkhBXD3EaIkLD0quI4zcuWEr-RcoNltUaZisCfGhOKJ97MoktSwu1EUlcwmMkLeWtfBx0J0s6RHUvlCNwAy7,https://baijiahao.baidu.com/s?id=1722493193519394164&wfr=spider&for=pc
254,北师大支教队自贡支教 150余名准初一学生度过充满知识和乐趣的...,http://www.baidu.com/link?url=0CYoGaRc00-bMDrqeuDtR9phkFKU5NPwCiwGPLZKvl4dl2hfWZYeDPzPL7dgHi42TORC057mWgUld56uu3FYE_,https://local.newssc.org/system/20170814/002248380.htm
255,"北师大学子到邵东支教,关注未成年人心理健康-新湖南",http://www.baidu.com/link?url=Mj-0Stdt5ptDGBpd-IySjH7Lg9auwbLFNm1wwZGnKWcY5IXRFw1QaJTLzqGjMufjKyGBNHKh4G6HgSIDpYlBqio2TFCwUTtgkLDvrhnxBpC,https://m.voc.com.cn/wxhn/article/202208/202208071606402658.html
256,"我在北师大学金融,却在支教的路上越走越远。_手机新浪网",http://www.baidu.com/link?url=Mj-0Stdt5ptDGBpd-IySjBsX7AfQ-CpV6sRwckCXFB7QDy0fkF8KTmK2ikRQ9dNcqAzsXPLHk8JWPup3eupb-O8u_DV6jRWeyetwuKEXCLq,https://finance.sina.cn/2024-07-26/detail-incfmiep4499698.d.html
257,"北京师范大学“优师计划”师范生牢记嘱托,争当“四有”好老师——青春绽放...",http://www.baidu.com/link?url=d_sRxUu1l53PyLzaSJ_K7BnHHUPjlMFIR_96oNxdLVV859_6-PUKf4lRY6_JOop6psFkOM-17rkOjdMCmNdql4DR1PoLfxUNqb8eJ5HIBbkMxwb3AUiNeVEiCRR5-pqxaHwMaDl64bQ5Uk558mmaCa,http://www.moe.gov.cn/jyb_xwfb/xw_zt/moe_357/2023/2023_zt08/bjsfdx/hfgj/202308/t20230808_1072906.html
258,"青年风采,支教宁堂—记宁堂北师大义教合作启动仪式-北京师范大学...",http://www.baidu.com/link?url=aNGA85iBjyBX9Co9VYr6pnOqFXCUcAKun9HbrwOft6JvrSy0DxLVibAhNnhOOR2N-RcQ6YVdiNaFupseLuqLz_,https://ibf.bnuz.edu.cn/info/1007/2240.htm
259,"服务教育强国,北师大首个“强师工程服务站”(木里站)建设取得诸多...",http://www.baidu.com/link?url=p5Gdk7oZ9uStUkT4HZHrmxBT6n9FlnDaZsb0FXuGqn8twFFDV3SRPN8RSO1mcQVQQGva1UdWuN7BHu4GSl2l6CAUKULwN-NP7Tuurh8LsMG,https://news.bnu.edu.cn/zx/zhxw/124154a3b09b48f8902e2e6b6ab4f23b.htm
260,"校庆倒计时29天丨木铎金声,滋兰蕙树,我们的支教回忆——姜华:在...",http://www.baidu.com/link?url=RTKh6Nsqr_2FaDBculEvi3LzpRChhRRb03L83jL1MsqIVbIBKdS8KW6Pa7cB1wcPoVYQu5fdAVSGZhML8krNaBsrlZ29dbuCbYWT2qxU9S2FXcfk-td570bBIK7fldd6po0DEJkXYkVQAYqd4-i6oOF4mbKcXjEGS2GysdS4vemOjW0k3SVOEy5GiEXq_nib_Ggz1cr4PmmcosEFe1lvEgq8m8Jx8Lwl7xkU5u3ngCoL7UQTrwL_Q8ibifXLZ9mZdV3iMOK3WSIA-voYdX6qh_,https://mp.weixin.qq.com/s?__biz=MzA5OTA0NTAxOQ==&mid=2651939606&idx=2&sn=8fb643ab25110da342901969d7137b40&chksm=8b6d98e2bc1a11f40b07b5fd53f66547460777bc85fbd159aeb66ebd307f730c80d17167de73&scene=27
261,"心有所信 方能行远 | 新时代,北师大学生党员这样做! - 澎湃在线",http://www.baidu.com/link?url=dr3lkJgNI28MeOazIUPHOHzTsMW5aViNZQXVq1xhEDUd5UaJXibUoR_5zaqehbr5cIfgmxk9P2Wy-Zbc0gVXmRmvu_XPBwGZXQAYf-6xQne,http://baijiahao.baidu.com/s?id=1671654800105250230&wfr=spider&for=pc
262,北京师范大学实施“四有”好老师启航计划 引导毕业生到祖国最需要...,http://www.baidu.com/link?url=RTKh6Nsqr_2FaDBculEviDt53yoT3e9L5KMZ5iv4LUJDBJ80A7cwOC_rM0TwGc9AG8q1F5-ag_nqI_uhAkZE7LEvzC2KM0CMg2Lf6j3oBge,https://baijiahao.baidu.com/s?id=1834438393209067916&wfr=spider&for=pc
263,"西部计划|北师大研究生的支教vlog(上):在贵州支教一年,我们收获了...",http://www.baidu.com/link?url=10psjs2r0TyNK53mVztXeVlnSOV-QKCcos1z6v48rWpxZo8fT9bPAA-Kx1MHrmQJAfhRmevj5hv9838veeL3aa,https://m.bilibili.com/video/BV1Vt4y1J7Rd/
264,"守护中华文明的文字宝库,北师大这个教学团队不一般! - 北京师范大学",http://www.baidu.com/link?url=RTKh6Nsqr_2FaDBculEviDt53yoT3e9L5KMZ5iv4LUIm0yT_7mcqeWybr6BybxeHE5uW0ZB0KBeDWcRZ6IAMZluNdRnDLJ5IFYgMtvLVQIG,https://baijiahao.baidu.com/s?id=1684153695736773872&wfr=spider&for=pc
265,北京师范大学社会实践育人工作的探索与实践,http://www.baidu.com/link?url=RTKh6Nsqr_2FaDBculEviDt53yoT3e9L5KMZ5iv4LUGgDYuiAIAjBDpxg8mGFC0NWRjDBFmXmqlzDBNLGSkuKwLLBmIJwWM_N2TPJwAHT-i,https://baijiahao.baidu.com/s?id=1717297370739143891&wfr=spider&for=pc
266,“电影下乡——新时代大学生美育支教河北行”启动,http://www.baidu.com/link?url=dr3lkJgNI28MeOazIUPHOHzTsMW5aViNZQXVq1xhEDSvqZDRn870rB9lKQUdT57g723VIaqMcufyBdMFQ-qowtj7zXrrs8YD97dlg0__kKq,http://baijiahao.baidu.com/s?id=1742042900333687092&wfr=spider&for=pc
267,"木铎金声,滋兰树蕙——北师大湘木邵心队开展心理健康支教活动",http://www.baidu.com/link?url=RTKh6Nsqr_2FaDBculEviDt53yoT3e9L5KMZ5iv4LUIKrcT2HW80rLIVQGQUF56E6ORLwD5bYRzdU3jF1xpvaJCPu507gjRiksbr9A2tLpC,https://baijiahao.baidu.com/s?id=1740945649515286786&wfr=spider&for=pc
268,北京师范大学:“启航计划”吸引更多优秀学生投身欠发达地区教育,http://www.baidu.com/link?url=H0Grz-9k4Hs7Xg-oBP2F04WDfL4I7eCJgfrB4AReUFJqBiB7e8bvBNth5_Y6mEnVqS0qEC1Sdp6eZMlfVwP2BWN0KKGipviKvtNknXl0tpG,https://baijiahao.baidu.com/s?id=1834985798881868298&wfr=spider&for=pc
269,北京师范大学2021年非学历教育评优表彰丨优秀个人,http://www.baidu.com/link?url=H0Grz-9k4Hs7Xg-oBP2F02tnQ8iALzj2R2-34AqHgNhgYkLY_5kTJcoMXk6r4CuhRt77Fz_fWPQdiel9IqU1uPZYFRmYHvUfkzBarPcUO8Qc2E4bsvkrxocW-2AlHSKfvdUktQK0srDMnY11XmoeMgWbsX5IOKo12aYA_EQQI5NIdulpxj1RBj79dr3990a4heUr3tVBjXOJ60ehqw6lW9lYgW3tnnWH71tn8ALFTVBYLX8QSvuaXydCn0T7eHG1UtKSjmWd_BeYSoWxq7TKCq,https://mp.weixin.qq.com/s?__biz=Mzg5NjAxNzI0Ng==&mid=2247490998&idx=4&sn=9d7703a443bf6a9b1acc8c2d0ee5e659&chksm=c0062b87f771a29125e207d3dc0ebb98d32fef6fce5dacad3bfa02070781b0ac89f3dd0aa09d&scene=27
270,BNU研支团丨薪火相传 初心不改:第26届研究生支教团库尔勒分队季度...,http://www.baidu.com/link?url=H0Grz-9k4Hs7Xg-oBP2F02tnQ8iALzj2R2-34AqHgNe2aiGj649yB6uFJP0_SQIvdYhH9-wx0LHrAkNXV9MV9ttB7LMmOlA2OIqofF3KNLWrvVTBN826CUl4kbyfM4Py2zyWjaviT9V-uHvR9g27e9LYJzvSD6FnQCNpJn0clzSPtSFRvG9NwEX_Ngea-wyen8mUU5FONbfsePcJHkNAr9Q_ypKmhRwZ12R-wdDb2JqAvNtGnWpbBsJr-iCsezYm9mdihZ35cA7q5Ok5RsEIaK,https://mp.weixin.qq.com/s?__biz=MzA5OTA0NTAxOQ==&mid=2652007111&idx=1&sn=6e5c3d41e752aca65fcf42c6d697fb55&chksm=8b6e9133bc191825e2495daafc6b61be7f35dc1ce1ee14bfde30084f0342a3194b9e6e556c37&scene=27
271,"特好奇,被推免至北师大、华东师大、山东大学…和被选拔上支教保研...",http://www.baidu.com/link?url=H0Grz-9k4Hs7Xg-oBP2F02tnQ8iALzj2R2-34AqHgNgkigSgLffGD87ShlpW4wMxot86xU_j_I8-VGJah68KVfyzdn3nMaE60e7CTscQT9zcqJJx231GkfHW5aXds1ZfTrgb8JJ8YKCEcKPicUeAYgk0LrkEsRgUDEN3PRG77ExkimAABjBtdfaRP-jAF1BTZUKPXiLgvD8Mb7mmVCZ1Zl9aTOr4mV-QHlTN7IsVtwv1l80zk_PxA8TYlbLTdyZ6dBpA6l0dE9QYU8HWynehvq,https://mp.weixin.qq.com/s?__biz=MzI5MjU3ODkwNQ==&mid=2247501469&idx=3&sn=09e711613b2f8d136ba834baef3f8c11&chksm=ec7db5abdb0a3cbddb2821be5ca72f863d4fee7833b63275c15cc9489cdcc4fac102753e4431&scene=27
272,步履不停 不负“暑”光——携手北师大 凝聚新力量(专辑一),http://www.baidu.com/link?url=H0Grz-9k4Hs7Xg-oBP2F02tnQ8iALzj2R2-34AqHgNe-ToRZ9-ORT63fF7U81Va0qqDBiakWOlhCHtTLWY8ylwoSZAQWTALf67yeMph7H1t_KkfZbSnOhmmrekGRYqdFZc42LJcBXkmVCu-1xCVIwuZ1lrX5naByOC8sTDqRFVnMfnxYBXAz6gU5IffPXC91ABwgcugVwOVtaJBXoMLg-iy5izGT5Rp05wMxxUx4eJXjEGKtuIsKxoYN1LN1QKC24nGVblGLbza2oJSDrDWEfq,https://mp.weixin.qq.com/s?__biz=MzA5NDU0NjMxNA==&mid=2653089442&idx=2&sn=a2a34d01fec7b7b6b184e62adbc02611&chksm=8b9abe47bced3751f0cd3eb8674c03bdcc5cae69c9928b7cb1c611bc154c0f150c71c8958beb&scene=27
273,实践风采丨北京师范大学赴新疆阿克苏地区“慧行西域 数智领航...,http://www.baidu.com/link?url=H0Grz-9k4Hs7Xg-oBP2F02tnQ8iALzj2R2-34AqHgNe2aiGj649yB6uFJP0_SQIvdYhH9-wx0LHrAkNXV9MV9qHJvxphSKSMa54DMHyfwudDdKkEo49euU7lfTJzwNKnSM0I6lOgiJNdqbHAkY6Y835jk-8fVj1LETYvgSNQMpkHBy5JLSLWrrZt52Xoo3yhn1-FSXVC-oL5rbKpBBgfUbmqsgGMhNJxpz2xKxqDoVoC8GKfYrOlKuF11wDk1kX1AIDhJQL2dvd-Svvp9IGdFa,https://mp.weixin.qq.com/s?__biz=MzA5OTA0NTAxOQ==&mid=2652001667&idx=4&sn=02a27892ecf9d9b9fed3ccd3fddd00da&chksm=8b6eae77bc1927615248d104dad4fc8bb3bc81eb8694a3efa8a3b1ef283bb9fb7afa8523d3ce&scene=27
274,"情系支教教师,慰问暖人心间——北师大南湖附校领导远赴青田...",http://www.baidu.com/link?url=H0Grz-9k4Hs7Xg-oBP2F02tnQ8iALzj2R2-34AqHgNeN85RBc-AmSj8LQHWeJQlhuAXiR_SfyBeDkM7O_u_trxceGTSToTqoAvkwCh6D0zJ7WI2UKaLxWmi7i9pbhw0qnT3Nh7nv6BSSyQRpjdmn2IS7yCJyVLiHVglIwlQwiZLBw3As_9_lkcLSq5Fcyq2DJTJfwxyZz1IjHHnLsjw_9SStfriPv-Tygl_JUY-E7DbAe3dUmdpB86_DWAsu3iFHBvkKLbE5HFL7MVUzhHbZza,https://mp.weixin.qq.com/s?__biz=MzAwMTMzNDM3MA==&mid=2652290417&idx=4&sn=ca4f35d5e58f39a54829664e29750751&chksm=8139507cb64ed96a027fa90603515e7c5dec0812d0c2dc62bee218ab1391f34144a16836a81c&scene=27
275,强国有我丨点亮大山孩子的读书灯!《南方日报》头版报道北师大...,http://www.baidu.com/link?url=H0Grz-9k4Hs7Xg-oBP2F02tnQ8iALzj2R2-34AqHgNfibnTIXhRHX_8v7zeVL_N7rS9nqL1Nz2fSIp3u3844278pAGMzVpXOwSv2g_W2uPL39w8J8OUaVFlMxmWEKcnMJQcN-5a2JFOaBCQVcL0-pQtZWcCXDTqwS2wORN5_TJMsHwrbgTy4eCGL3-ngidsUcpA0UfWyTnngzrg3cBXFWr2Arz0SJlGkuuszeOPrW_L3a7vmEEshfB8h6XBPraKypLDaun6l_hcdexLto2lsIa,https://mp.weixin.qq.com/s?__biz=MzI0Njg1NjQyNA==&mid=2247588346&idx=1&sn=3f3248ffb853ec5b018d897f6dc4abd5&chksm=e9bb367ddeccbf6b698b7da4579dc369bbdeac4bc0d00e2f56fa140130ebb2c454f56ca90f8c&scene=27
276,如何看待北师大团委要求线下支教队需教师陪同、人数减少至 8-12人...,http://www.baidu.com/link?url=fB8DMf097opqwMViS4JSHE_2sjBiiP5U5zLwJLI6SB6poxx7PkBRgpYs-IHCGE712lhU7xJvEaPQQjz0yoBBca,https://www.zhihu.com/question/462991362
277,...以梦筑梦——修水县散原中学北师大2023“修水开源”暑假支教...,http://www.baidu.com/link?url=84SGwwQNE9i_FRNrDdyyOaEIQuvJLJHmm25FF1yIUrWvYImt3s25PkXj7spFNvvO5dI7uKjLqhwYuAcQIjk32uHjHMCkb9VQxfN-N4DgKNVdE-1ba39l1PERoIJqeNJ1qUcV8uHEhgzs61b-Vv2cNlR5yVA2j1OWBRSNZuDV6KNzPl90EXkeyWnYL3k9r_JbxxWcwb_CqMIdue2yMbCUopd6CXgAJpNOLGLdChZykCVDqn6B6n8gfSAvfriz4H1n8C0qF26Or9WDIjQtdjZlNa,https://mp.weixin.qq.com/s?__biz=MzA4Nzc2MjM1Mw==&mid=2650392772&idx=1&sn=83e655f099375a87593e01415597c577&chksm=88391c1abf4e950ca6ffbfffa3657607e94945247b19e11c3aa9521982f3d50a54055f0e566e&scene=27
278,强师计划|培育大国良师 矢志师范报国——北京师范大学实施“优师...,http://www.baidu.com/link?url=CmQfUQawxieuUKWGFJPceTtb9TRiAo9dVBt3aY365cMr1U9Ttg3cJc4y8yj_zBa2,http://www.bnu1.org/show_2880.html
279,"23岁支教女教师遭60岁老汉铁链囚禁五年,逃出时已生了三个孩子!",http://www.baidu.com/link?url=84SGwwQNE9i_FRNrDdyyOaEIQuvJLJHmm25FF1yIUrWNlgw5yZHOA0KiI2xi6l0LIbKIDtKclp2kmG70sRTTFUl_ADxECvwEUcFIelilHmG4hMxRCa39NoeCKO--p_4kAFbCQyhaStgFmdyQoVWR3z-SuZSvCUF7a48WZjYuN12hdMFCTIUS1Bf7KTqR0Pz69JVZuFIe8Oa12ufs7NTXK8mct1kHUvfi2Wlz6URJmG9rX6AkojkwYiHmAgr4nqksSx4oqp3WGCKrHuP47etmZa,https://mp.weixin.qq.com/s?__biz=MzIyNTI4Nzc3OA==&mid=2651452353&idx=1&sn=19b65bfcb4183bde65a6dfc8cab91012&chksm=f3ff58ccc488d1da91a69ca903fc32c7ff22ba2738596386994e80d9f5d8c33db675e905b92c&scene=27
280,北师大将电影美育思政课送到中西部学校 “电影下乡”让孩子们更加...,http://www.baidu.com/link?url=84SGwwQNE9i_FRNrDdyyOiTuQEIDo0s-Mj0Fy7X1YsoK8zya_1i4ozCX7lMSuCVsm90Cf_1LkmhsKmOgFJNL3J5FbUmJyX7jd_J7goLhsnQ1BT0DIykg0SgapuJewSUH,https://t.m.youth.cn/transfer/index/url/news.youth.cn/sh/202409/t20240909_15504445.htm
281,喜报!北师大两名同学荣获“中国大学生自强之星”奖学金,http://www.baidu.com/link?url=84SGwwQNE9i_FRNrDdyyOaQzzUtgz5s3kdAd1Eaxhl55UtwlagV7uhJXokJ2gralq2dYbs22QGu7LL0j7rlGwspgkhCIBsGclUxfhDi2cYi,https://baijiahao.baidu.com/s?id=1775333868792528985&wfr=spider&for=pc
282,北京师范大学研究生支教团举办“筑梦之旅”西部愿望游学活动_青年...,http://www.baidu.com/link?url=kOsgn2WrxRKLqwvK_n_uZSAlG1cF23BD4jCVS2jxcge9dJpfRNuGT-NLFxCARlG7sUqg5JZDl1eZ3Q7TDUK_NY4ivIavsszUKOnkpJlgivO,http://qnzz.youth.cn/wdqcwdt/stzz/201505/t20150508_6622349.htm
283,"北师大“寒门女生”熊方瑜:人生磨难却勤奋学习,是“自强之星...",http://www.baidu.com/link?url=DzeZweQRQFRwnBc01kcraHcPXd-rKZA1a7p71HGFFx3KU_4mRLpLoXjxSIEw-m9ZmtG_rKGesLn79iCsq138ljkNJuft0tvDHjCdSHgwTjq,http://baijiahao.baidu.com/s?id=1656593066984948935&wfr=spider&for=pc
284,赴衢支教传薪火 教育共富谱新篇——北师大南湖附校2025年跨区域...,http://www.baidu.com/link?url=GnnJcKAqUicY9dP0xyzow774pmpa2PJxcs0WU7o9MJTG_iI1FqVGE5wO2MLbUwafQn2U0h2OVaENytBUd_Vi7YRYyZJ46U_xVtrx8xxVrZPRC-a-r_XyIHlmbRK6J3-HEHxhroBvxt87XfAvgvSoBcYXvKb38Iwf8rQ_k5IHBKJ5ORD0VbHDtxS0mklERShqKrdZxQEVEhoGOETc5YIEBSwdTeL0oSCwRagJbUFR4yrttA_gayspWLVDE6sUuzE13A1isI1LK3y1QQP45x21FK,https://mp.weixin.qq.com/s?__biz=MzAwMTMzNDM3MA==&mid=2652392343&idx=1&sn=c6657eebce9a588c4758618ff52cd636&chksm=80d820e70369e257db48b0b18999c4e922eb20a00a8a51a080a7f22a266ffcd8d4095affc93d&scene=27
285,北京师范大学青马骨干班“京师风范 强国有我” 微团课大赛成功举办,http://www.baidu.com/link?url=GnnJcKAqUicY9dP0xyzow774pmpa2PJxcs0WU7o9MJTfhRCZq0Ym1Hg2Z41bbjdwq6i1rxJEvx9CKFIR-Jj9fSuHXTVplHVuOQHkG3d_JG8EhcB-dPzeaLnrM0542iG4CSzrbWKrDhLe11yB_9rFnmhH44sEgue3CAJUGp_InhHscidqGHbPzudcEoWyEA6yHg59WBeOoZCEBPfVEW1di2Wp4uAc1Mit26cOFIYYl2_q6jxxY14pymC8pJdpkMcSbj46zfPzaXcYxpyOFfwGdq,https://mp.weixin.qq.com/s?__biz=MzA5OTA0NTAxOQ==&mid=2651983459&idx=3&sn=2d828b5c9c000f5752573d8a03231c46&chksm=8b6ef597bc197c81d8fdd921a306180b447025346aeb01028d34d4c93314171e74206a16c593&scene=27
286,为了那份沉甸甸的嘱托——记北京师范大学优秀公费师范生群体...,http://www.baidu.com/link?url=GnnJcKAqUicY9dP0xyzowsqwi575X-dWJZpSNel8BMPVigVqtAGDTMo_MpHtor8UU-aXu72jHRqYw_PpSwTdxrubHCCSVTDxJs_YTE-OwbkXRyBD3oIDczVDQjoDux8a,https://t.m.youth.cn/transfer/index/url/news.youth.cn/gn/201907/t20190708_12002956.htm
287,【民生周刊】北京师范大学:培养“四有”好老师,http://www.baidu.com/link?url=pw3UOD2f1MhmH9KCWXWCTVc-aZ3frSg7F4qpuI-4S1-h2C27soVDTAeYMhk54dt819C-m0EdX62nvnzHmxajoHyD3ezEvd4yOdvwDeK0zim,https://news.bnu.edu.cn/zx/ttgz/64183e4a665a40f2839ce47e46084436.htm
288,BNU研支团丨薪火相传 砥砺前行:第26届研究生支教团习水分队季度...,http://www.baidu.com/link?url=GnnJcKAqUicY9dP0xyzow774pmpa2PJxcs0WU7o9MJTfhRCZq0Ym1Hg2Z41bbjdwq6i1rxJEvx9CKFIR-Jj9fVEdIOQy4z3vWODTOH2UipsgpwY4orwPe-FCi8KOajkgM5RlIdvzVVddSM_0D0k2nd8mbzO92iuiuuF3dVsBDf7ycSZ_cdsotvMYJzk-MUkAj4VyfglTQU-3_RSQ1oTTIxf6djktEntYPf-L2cHW3iZjOQ--F2tj1jK4qkgYOd9vpqRFqO2fLPmIclu6dc3j7a,https://mp.weixin.qq.com/s?__biz=MzA5OTA0NTAxOQ==&mid=2652008238&idx=2&sn=a5befd60dc21471ac3898162e4084162&chksm=8b6e94dabc191dccdb21bd1c3aa3cb0770f659aee529e48e5b00e0dc2f2bab31a1869aa1fb82&scene=27
